url,likes,comments,views,type,video_download,display_url,thumbnail,post_date,caption
https://www.instagram.com/p/DURQK8skuIW,3,1,0,carousel_container,,https://scontent-atl3-2.cdninstagram.com/v/t51.82787-15/625243624_18358671154207836_256974755862037564_n.heic?stp=dst-jpg_e35_tt6&_nc_cat=102&ig_cache_key=MzgyMzkwNzY5ODg2MjM4NTI3Mw%3D%3D.3-ccb7-5&ccb=7-5&_nc_sid=58cdad&efg=eyJ2ZW5jb2RlX3RhZyI6InhwaWRzLjE0NDB4MTgwMC5zZHIuQzMifQ%3D%3D&_nc_ohc=2Rg4zg1J_qMQ7kNvwGdHuyl&_nc_oc=AdqdcZI_TXlCW0ngEhUA2irzox-NM1oXUB6ccsa3yns1j1BwlPj2QnHeiQty_im3YT8&_nc_ad=z-m&_nc_cid=0&_nc_zt=23&_nc_ht=scontent-atl3-2.cdninstagram.com&_nc_gid=urPl5bgtYzEm9n1FofUP-A&_nc_ss=7a32e&oh=00_Af0LxQsczPaOAfgeguCvERyQO3xXxec4voZ4H7wzx2by9w&oe=69DEB005,https://scontent-atl3-2.cdninstagram.com/v/t51.82787-15/625243624_18358671154207836_256974755862037564_n.heic?stp=dst-jpg_e35_tt6&_nc_cat=102&ig_cache_key=MzgyMzkwNzY5ODg2MjM4NTI3Mw%3D%3D.3-ccb7-5&ccb=7-5&_nc_sid=58cdad&efg=eyJ2ZW5jb2RlX3RhZyI6InhwaWRzLjE0NDB4MTgwMC5zZHIuQzMifQ%3D%3D&_nc_ohc=2Rg4zg1J_qMQ7kNvwGdHuyl&_nc_oc=AdqdcZI_TXlCW0ngEhUA2irzox-NM1oXUB6ccsa3yns1j1BwlPj2QnHeiQty_im3YT8&_nc_ad=z-m&_nc_cid=0&_nc_zt=23&_nc_ht=scontent-atl3-2.cdninstagram.com&_nc_gid=urPl5bgtYzEm9n1FofUP-A&_nc_ss=7a32e&oh=00_Af0LxQsczPaOAfgeguCvERyQO3xXxec4voZ4H7wzx2by9w&oe=69DEB005,2/2/2026,"CAMPANHA “QUEM INDICA, FORTALECE”. A força da #ACIRV reside na qualidade das suas conexões. Quando você usa sua influência para trazer um parceiro, o ganho é coletivo. Esse movimento não apenas expande a rede, mas blinda a economia local e eleva a representatividade de cada negócio envolvido.

Conhecendo este fato, temos a satisfação de apresentar a campanha estratégica #QuemIndicaFortalece. A lógica é simples e o retorno é imediato e garantido: Indicou uma empresa e a adesão foi efetivada, sua próxima mensalidade é isenta.

Já para quem lidera o movimento de expansão e acumula mais indicações, a ACIRV eleva o nível do reconhecimento. Os mais potentes líderes ganham prêmios que vão desde tecnologia até inserções na TV Sucesso.

Ao trazer novas lideranças para a ACIRV, você ativa na prática o método de #ConectarParaCrescer e prova que essa campanha é sobre transformar influência em resultados proporcionais ao esforço aplicado.

Entenda as regras detalhada nos slides e participe.

Aqui, ninguém cresce isolado. Crescemos conectado."
https://www.instagram.com/p/DT_OYPzEuM-,3,13,0,carousel_container,,https://scontent-atl3-1.cdninstagram.com/v/t51.82787-15/622853471_18357361261207836_985172112683315782_n.heic?stp=dst-jpg_e35_tt6&_nc_cat=105&ig_cache_key=MzgxODgzMjgxMzk0OTYwOTU0Nw%3D%3D.3-ccb7-5&ccb=7-5&_nc_sid=58cdad&efg=eyJ2ZW5jb2RlX3RhZyI6InhwaWRzLjE0NDB4MTgwMC5zZHIuQzMifQ%3D%3D&_nc_ohc=39dJQ9r6kpsQ7kNvwERNPuI&_nc_oc=Adq7NxKsyylecF-b9lnmK1IxLAEf2Y-elepqkI2eXc1aG92qyTlyyDmUULUuVO0vx24&_nc_ad=z-m&_nc_cid=0&_nc_zt=23&_nc_ht=scontent-atl3-1.cdninstagram.com&_nc_gid=urPl5bgtYzEm9n1FofUP-A&_nc_ss=7a32e&oh=00_Af2M3F4SIjmy7pEKOuJjbv1mfVUR4F1pKDFBC22TiBUqzg&oe=69DEAA71,https://scontent-atl3-1.cdninstagram.com/v/t51.82787-15/622853471_18357361261207836_985172112683315782_n.heic?stp=dst-jpg_e35_tt6&_nc_cat=105&ig_cache_key=MzgxODgzMjgxMzk0OTYwOTU0Nw%3D%3D.3-ccb7-5&ccb=7-5&_nc_sid=58cdad&efg=eyJ2ZW5jb2RlX3RhZyI6InhwaWRzLjE0NDB4MTgwMC5zZHIuQzMifQ%3D%3D&_nc_ohc=39dJQ9r6kpsQ7kNvwERNPuI&_nc_oc=Adq7NxKsyylecF-b9lnmK1IxLAEf2Y-elepqkI2eXc1aG92qyTlyyDmUULUuVO0vx24&_nc_ad=z-m&_nc_cid=0&_nc_zt=23&_nc_ht=scontent-atl3-1.cdninstagram.com&_nc_gid=urPl5bgtYzEm9n1FofUP-A&_nc_ss=7a32e&oh=00_Af2M3F4SIjmy7pEKOuJjbv1mfVUR4F1pKDFBC22TiBUqzg&oe=69DEAA71,1/26/2026,"Antecipar cenários é o que separa quem apenas reage ao mercado de quem lidera o movimento. O ciclo de oficinas deste semestre foi estruturado a partir de um diagnóstico claro: existem lacunas de eficiência técnica que hoje travam a escalabilidade dos negócios locais.

O objetivo não é prever o futuro, mas preparar o empresário para ele. Da aplicação prática de IA nas finanças à consolidação da Liderança 5.0, a #ACIRV transformou tendências globais em ferramentas de decisão para a nossa realidade.

Participar dessas imersões vai além do conhecimento; é também sobre a oportunidade de fazer networking com quem faz a economia de #RioVerde girar.

Analise os temas e se programe para posicionar sua equipe na rota da #Inovação e da #GestãoEmpresarial estratégica.

Aqui, ninguém cresce isolado. A gente cresce em rede."
https://www.instagram.com/p/DW8rNxXDaCA,1,0,0,feed,,https://scontent-atl3-2.cdninstagram.com/v/t51.82787-15/669855919_18368990305207836_7786556099754520796_n.heic?stp=dst-jpg_e35_tt6&_nc_cat=101&ig_cache_key=Mzg3MjE1OTg0MTk4NTA3NzM3Ng%3D%3D.3-ccb7-5&ccb=7-5&_nc_sid=58cdad&efg=eyJ2ZW5jb2RlX3RhZyI6InhwaWRzLjE0NDB4MTgwMC5zZHIuQzMifQ%3D%3D&_nc_ohc=tuZ5XzyCcsYQ7kNvwHPJ6W_&_nc_oc=Adr7KmUhTxIAIIx9kSzZx_HoHn6rHOkY-fcQUe05uPyB-E6pjVbHP-IiwKK0eyHfxw4&_nc_ad=z-m&_nc_cid=0&_nc_zt=23&_nc_ht=scontent-atl3-2.cdninstagram.com&_nc_gid=urPl5bgtYzEm9n1FofUP-A&_nc_ss=7a32e&oh=00_Af28jZ_zr_GTXM9o7bsxIAfm-j9y4ZRFyhkaJBY55mbOtg&oe=69DECACE,https://scontent-atl3-2.cdninstagram.com/v/t51.82787-15/669855919_18368990305207836_7786556099754520796_n.heic?stp=dst-jpg_e35_tt6&_nc_cat=101&ig_cache_key=Mzg3MjE1OTg0MTk4NTA3NzM3Ng%3D%3D.3-ccb7-5&ccb=7-5&_nc_sid=58cdad&efg=eyJ2ZW5jb2RlX3RhZyI6InhwaWRzLjE0NDB4MTgwMC5zZHIuQzMifQ%3D%3D&_nc_ohc=tuZ5XzyCcsYQ7kNvwHPJ6W_&_nc_oc=Adr7KmUhTxIAIIx9kSzZx_HoHn6rHOkY-fcQUe05uPyB-E6pjVbHP-IiwKK0eyHfxw4&_nc_ad=z-m&_nc_cid=0&_nc_zt=23&_nc_ht=scontent-atl3-2.cdninstagram.com&_nc_gid=urPl5bgtYzEm9n1FofUP-A&_nc_ss=7a32e&oh=00_Af28jZ_zr_GTXM9o7bsxIAfm-j9y4ZRFyhkaJBY55mbOtg&oe=69DECACE,4/10/2026,"A falta de alinhamento e a comunicação falha custam caro para qualquer negócio. O mercado atual exige profissionais capazes de tomar decisões rápidas e precisas sob pressão contínua. 

A oficina On Board utiliza a dinâmica intensa do jogo de tabuleiro Pandemic para simular um ambiente corporativo altamente desafiador. Você vai testar suas habilidades e fundar bases sólidas de trabalho em equipe. Quem hesita durante o processo, perde o controle das operações e dos resultados. Quem colabora de forma inteligente, avança.

Esta imersão prática desenvolve a sua #Gestão de tempo e a #Liderança em cenários de alta complexidade. A parceria educacional com o @sebrae reforça o compromisso da #ACIRV em entregar ferramentas aos participantes, provando que o método de #ConectarParaCrescer blinda o seu #Negócios contra falhas de comunicação e liderança.

Desenvolva sua capacidade de resolução de problemas, no dia 14/04, às 19h, em nossa sede. O acesso para inscrição está disponível no link da bio.

Aqui, ninguém cresce isolado. A gente cresce conectado."
https://www.instagram.com/p/DW8k1kLDniU,44,0,2164,clips,https://scontent-atl3-3.cdninstagram.com/o1/v/t2/f2/m86/AQPyLEwZFFCjIwAnH7T2g9nkBl4ZF-g9WM2YFyo6E5xRONImd3I2RQWKw-qO7l3_qVZlxGR0Z_faKiRUAEY0j2HFZUhRBLOpNvULQXg.mp4?_nc_cat=110&_nc_sid=5e9851&_nc_ht=scontent-atl3-3.cdninstagram.com&_nc_ohc=0-HRHGOTy_oQ7kNvwFVB18v&efg=eyJ2ZW5jb2RlX3RhZyI6Inhwdl9wcm9ncmVzc2l2ZS5JTlNUQUdSQU0uQ0xJUFMuQzMuNzIwLmRhc2hfYmFzZWxpbmVfMV92MSIsInhwdl9hc3NldF9pZCI6MTg0NjQ2ODE3NDMwOTgzMzcsImFzc2V0X2FnZV9kYXlzIjowLCJ2aV91c2VjYXNlX2lkIjoxMDgyNywiZHVyYXRpb25fcyI6OTcsInVybGdlbl9zb3VyY2UiOiJ3d3cifQ%3D%3D&ccb=17-1&vs=a74b7a6f5726f780&_nc_vs=HBksFQIYUmlnX3hwdl9yZWVsc19wZXJtYW5lbnRfc3JfcHJvZC9BOTQ0MDNBNDFFQjhBMDBEMUVDMjgyRUQ0N0Q1NTVCOV92aWRlb19kYXNoaW5pdC5tcDQVAALIARIAFQIYUWlnX3hwdl9wbGFjZW1lbnRfcGVybWFuZW50X3YyL0Q5NDI3ODExNkE0Qjg4NDFGQ0YxM0QxQzJDM0FERUE0X2F1ZGlvX2Rhc2hpbml0Lm1wNBUCAsgBEgAoABgAGwKIB3VzZV9vaWwBMRJwcm9ncmVzc2l2ZV9yZWNpcGUBMRUAACbCh4HD9-HMQRUCKAJDMywXQFhAAAAAAAAYEmRhc2hfYmFzZWxpbmVfMV92MREAdf4HZZapAQA&_nc_gid=urPl5bgtYzEm9n1FofUP-A&_nc_ss=7a3a8&_nc_zt=28&oh=00_Af3SyMQ5Yy1S8AxIx8hI3e3j_53nNoZC1DfE5J3z_pQFDA&oe=69DAC8A3,https://scontent-atl3-3.cdninstagram.com/v/t51.71878-15/670630020_2413571022445183_5326202048436988601_n.jpg?stp=dst-jpg_e15_tt6&_nc_cat=110&ig_cache_key=Mzg3MjEzMTc5MDI3ODY1NDEwMA%3D%3D.3-ccb7-5&ccb=7-5&_nc_sid=58cdad&efg=eyJ2ZW5jb2RlX3RhZyI6InhwaWRzLjY0MHgxMTM2LnNkci5DMyJ9&_nc_ohc=CJE83Eq0apcQ7kNvwGouHT-&_nc_oc=Adp7nTsVna1Djp5oHbADPcYLrNSbhcVM6gYKYKpf-4TGpKev5vP1j1f9n_n-5hlG8h0&_nc_ad=z-m&_nc_cid=0&_nc_zt=23&_nc_ht=scontent-atl3-3.cdninstagram.com&_nc_gid=urPl5bgtYzEm9n1FofUP-A&_nc_ss=7a3a8&oh=00_Af203AnsR39Of9Wqa3wcy9V9eTpSIzVqKLgPVgJgBEZPeg&oe=69DEDD79,https://scontent-atl3-3.cdninstagram.com/v/t51.71878-15/670630020_2413571022445183_5326202048436988601_n.jpg?stp=dst-jpg_e15_tt6&_nc_cat=110&ig_cache_key=Mzg3MjEzMTc5MDI3ODY1NDEwMA%3D%3D.3-ccb7-5&ccb=7-5&_nc_sid=58cdad&efg=eyJ2ZW5jb2RlX3RhZyI6InhwaWRzLjY0MHgxMTM2LnNkci5DMyJ9&_nc_ohc=CJE83Eq0apcQ7kNvwGouHT-&_nc_oc=Adp7nTsVna1Djp5oHbADPcYLrNSbhcVM6gYKYKpf-4TGpKev5vP1j1f9n_n-5hlG8h0&_nc_ad=z-m&_nc_cid=0&_nc_zt=23&_nc_ht=scontent-atl3-3.cdninstagram.com&_nc_gid=urPl5bgtYzEm9n1FofUP-A&_nc_ss=7a3a8&oh=00_Af203AnsR39Of9Wqa3wcy9V9eTpSIzVqKLgPVgJgBEZPeg&oe=69DEDD79,4/10/2026,"José Carlos Cintra, presidente da ACIRV, destacou o grande sucesso da TecnoShow, reforçando a importância da feira para o fortalecimento do agronegócio e da economia regional. Segundo ele, o evento se consolida como uma das maiores vitrines de inovação, tecnologia e oportunidades de negócios do Brasil, reunindo produtores, empresários e investidores em um ambiente de crescimento e desenvolvimento.

Durante a cobertura especial da Goiás TV, José Carlos Cintra falou com Cristian Gomes e equipe, ressaltando a organização, a participação expressiva do público e o impacto positivo que a TecnoShow gera para Rio Verde e toda a região. Ele também parabenizou a Comigo pela excelência na realização de mais uma edição histórica do evento.

#TecnoShow #ACIRV #GoiasTV #CristianGomesTV #AgroEmAlta"
https://www.instagram.com/p/DW6tF2vDZ86,1,0,0,feed,,https://scontent-atl3-3.cdninstagram.com/v/t51.82787-15/657258496_18366620821207836_8677397284983175771_n.jpg?stp=dst-jpg_e35_tt6&_nc_cat=108&ig_cache_key=Mzg3MTYwNTE0NDE0MDIyNjM2Mg%3D%3D.3-ccb7-5&ccb=7-5&_nc_sid=58cdad&efg=eyJ2ZW5jb2RlX3RhZyI6InhwaWRzLjEzNTB4MTY4OC5zZHIuQzMifQ%3D%3D&_nc_ohc=aki3AG0zGl4Q7kNvwGiRyeH&_nc_oc=Adrx_ifbvam1jfTXFOVfmsCth38XKYGrWRTA_k9x9dswXCHvNA1jhnnt8Dxs1ZYW-l4&_nc_ad=z-m&_nc_cid=0&_nc_zt=23&_nc_ht=scontent-atl3-3.cdninstagram.com&_nc_gid=urPl5bgtYzEm9n1FofUP-A&_nc_ss=7a32e&oh=00_Af1cdLWhIfw7bYJJnwEgVAeM1ckOG1-LMoAhKYcZ-FHSaA&oe=69DEA9B8,https://scontent-atl3-3.cdninstagram.com/v/t51.82787-15/657258496_18366620821207836_8677397284983175771_n.jpg?stp=dst-jpg_e35_tt6&_nc_cat=108&ig_cache_key=Mzg3MTYwNTE0NDE0MDIyNjM2Mg%3D%3D.3-ccb7-5&ccb=7-5&_nc_sid=58cdad&efg=eyJ2ZW5jb2RlX3RhZyI6InhwaWRzLjEzNTB4MTY4OC5zZHIuQzMifQ%3D%3D&_nc_ohc=aki3AG0zGl4Q7kNvwGiRyeH&_nc_oc=Adrx_ifbvam1jfTXFOVfmsCth38XKYGrWRTA_k9x9dswXCHvNA1jhnnt8Dxs1ZYW-l4&_nc_ad=z-m&_nc_cid=0&_nc_zt=23&_nc_ht=scontent-atl3-3.cdninstagram.com&_nc_gid=urPl5bgtYzEm9n1FofUP-A&_nc_ss=7a32e&oh=00_Af1cdLWhIfw7bYJJnwEgVAeM1ckOG1-LMoAhKYcZ-FHSaA&oe=69DEA9B8,4/9/2026,"Na Sudoexpo, você se conecta diretamente com quem decide, compra e investe.
É relacionamento acelerado.
É mercado concentrado.
É resultado potencializado."
https://www.instagram.com/p/DW2Nf7dDRTB,209,7,0,carousel_container,,https://scontent-atl3-3.cdninstagram.com/v/t51.82787-15/669353874_18368424742207836_1377927384006797441_n.heic?stp=dst-jpg_e35_tt6&_nc_cat=110&ig_cache_key=Mzg3MDMzODUzMjYwNzEyNjg0Mw%3D%3D.3-ccb7-5&ccb=7-5&_nc_sid=58cdad&efg=eyJ2ZW5jb2RlX3RhZyI6InhwaWRzLjE0NDB4MTkyMC5zZHIuQzMifQ%3D%3D&_nc_ohc=INLjQCEO5jkQ7kNvwFNfeFN&_nc_oc=Ado9BFS5j5eQ1w6gEBeB0IGLbvHc5GK_7ve7QNTNlBQr0kjKcoUANkKo6V7ydQn2fMA&_nc_ad=z-m&_nc_cid=0&_nc_zt=23&_nc_ht=scontent-atl3-3.cdninstagram.com&_nc_gid=urPl5bgtYzEm9n1FofUP-A&_nc_ss=7a32e&oh=00_Af26gm--ndKcKruiIWbokNNoa8T3Zc5mvnfKwTDodPuWgw&oe=69DEC83F,https://scontent-atl3-3.cdninstagram.com/v/t51.82787-15/669353874_18368424742207836_1377927384006797441_n.heic?stp=dst-jpg_e35_tt6&_nc_cat=110&ig_cache_key=Mzg3MDMzODUzMjYwNzEyNjg0Mw%3D%3D.3-ccb7-5&ccb=7-5&_nc_sid=58cdad&efg=eyJ2ZW5jb2RlX3RhZyI6InhwaWRzLjE0NDB4MTkyMC5zZHIuQzMifQ%3D%3D&_nc_ohc=INLjQCEO5jkQ7kNvwFNfeFN&_nc_oc=Ado9BFS5j5eQ1w6gEBeB0IGLbvHc5GK_7ve7QNTNlBQr0kjKcoUANkKo6V7ydQn2fMA&_nc_ad=z-m&_nc_cid=0&_nc_zt=23&_nc_ht=scontent-atl3-3.cdninstagram.com&_nc_gid=urPl5bgtYzEm9n1FofUP-A&_nc_ss=7a32e&oh=00_Af26gm--ndKcKruiIWbokNNoa8T3Zc5mvnfKwTDodPuWgw&oe=69DEC83F,4/7/2026,"Caminhar pelos corredores da maior e mais bem organizada edição da história da TecnoShow evidencia como Rio Verde dita o ritmo do mercado global de inovação no #agronegócio.

A presença institucional da #ACIRV no evento endossa o impacto de uma estrutura que atrai os olhares do Brasil inteiro. A grandiosidade erguida pela @cooperativacomigo estabelece um padrão de excelência em feiras de alto nível. Prestigiar a #TecnoShow significa honrar as raízes do nosso setor produtivo e construir pontes comerciais importantes para o nosso desenvolvimento. 

Agradecemos cada pausa, aperto de mão e foto com o nosso presidente José Carlos Cintra durante a visita. Essa receptividade à classe empresarial comprova que o método #ConectarParaCrescer consolida parcerias duradouras e negócios de valor. O #Agronegócio avança com mais força quando a comunidade de lideranças caminha lado a lado na mesma direção.

Aqui, ninguém cresce isolado. A gente cresce conectado."
https://www.instagram.com/p/DW2KB2CDdd9,3,0,0,feed,,https://scontent-atl3-2.cdninstagram.com/v/t51.82787-15/662146437_18368423215207836_1794624087036613353_n.heic?stp=dst-jpg_e35_tt6&_nc_cat=100&ig_cache_key=Mzg3MDMyNTAzNjk3MjYyNzgzNw%3D%3D.3-ccb7-5&ccb=7-5&_nc_sid=58cdad&efg=eyJ2ZW5jb2RlX3RhZyI6InhwaWRzLjE0NDB4MTkyMC5zZHIuQzMifQ%3D%3D&_nc_ohc=S7tWnJ-7o-QQ7kNvwGnzBTE&_nc_oc=Adpfm6Ihj8W54PqvHmO-XG3JOohGZ-OkK5FTnmfQyq1FSoyaW2qT_Hr6P3t5oErG0DQ&_nc_ad=z-m&_nc_cid=0&_nc_zt=23&_nc_ht=scontent-atl3-2.cdninstagram.com&_nc_gid=urPl5bgtYzEm9n1FofUP-A&_nc_ss=7a32e&oh=00_Af0SDBJ-h6jLukxPoY7LJoFerpJTu1XjOPJ9WZhN7xCTqA&oe=69DEC586,https://scontent-atl3-2.cdninstagram.com/v/t51.82787-15/662146437_18368423215207836_1794624087036613353_n.heic?stp=dst-jpg_e35_tt6&_nc_cat=100&ig_cache_key=Mzg3MDMyNTAzNjk3MjYyNzgzNw%3D%3D.3-ccb7-5&ccb=7-5&_nc_sid=58cdad&efg=eyJ2ZW5jb2RlX3RhZyI6InhwaWRzLjE0NDB4MTkyMC5zZHIuQzMifQ%3D%3D&_nc_ohc=S7tWnJ-7o-QQ7kNvwGnzBTE&_nc_oc=Adpfm6Ihj8W54PqvHmO-XG3JOohGZ-OkK5FTnmfQyq1FSoyaW2qT_Hr6P3t5oErG0DQ&_nc_ad=z-m&_nc_cid=0&_nc_zt=23&_nc_ht=scontent-atl3-2.cdninstagram.com&_nc_gid=urPl5bgtYzEm9n1FofUP-A&_nc_ss=7a32e&oh=00_Af0SDBJ-h6jLukxPoY7LJoFerpJTu1XjOPJ9WZhN7xCTqA&oe=69DEC586,4/7/2026,"Vem aí o Fórum da Indústria da ACIRV. Dia 27 de maio, às 7h30, em Rio Verde.

O encontro propõe um olhar direto sobre os desafios do setor, com espaço para troca, análise e construção de caminhos possíveis para a indústria local.

Promovido pela ACIRV, o fórum reúne empresários e lideranças para fortalecer a indústria e impulsionar o desenvolvimento da nossa região.

Aqui, ninguém cresce isolado. A gente cresce conectado."
https://www.instagram.com/p/DWy33TNDcAC,2,1,0,feed,,https://scontent-atl3-2.cdninstagram.com/v/t51.82787-15/658353925_18366620749207836_3531526261217432020_n.jpg?stp=dst-jpg_e35_tt6&_nc_cat=104&ig_cache_key=Mzg2OTQwMDcyMjYxNDEwODE2Mg%3D%3D.3-ccb7-5&ccb=7-5&_nc_sid=58cdad&efg=eyJ2ZW5jb2RlX3RhZyI6InhwaWRzLjEzNTB4MTY4OC5zZHIuQzMifQ%3D%3D&_nc_ohc=EqwXNmQwJ10Q7kNvwEiLIlS&_nc_oc=Adq9h3-NmG-COgu0A6pgwMcizOKi2lF76WoJDp-lJSKo4TrvzA2h2Bj5JD-nxg62Gbc&_nc_ad=z-m&_nc_cid=0&_nc_zt=23&_nc_ht=scontent-atl3-2.cdninstagram.com&_nc_gid=urPl5bgtYzEm9n1FofUP-A&_nc_ss=7a32e&oh=00_Af3X60JfhBYPNejdtFaaJbYVsw8fUpz-028N74XO6Hn1Bg&oe=69DED6B5,https://scontent-atl3-2.cdninstagram.com/v/t51.82787-15/658353925_18366620749207836_3531526261217432020_n.jpg?stp=dst-jpg_e35_tt6&_nc_cat=104&ig_cache_key=Mzg2OTQwMDcyMjYxNDEwODE2Mg%3D%3D.3-ccb7-5&ccb=7-5&_nc_sid=58cdad&efg=eyJ2ZW5jb2RlX3RhZyI6InhwaWRzLjEzNTB4MTY4OC5zZHIuQzMifQ%3D%3D&_nc_ohc=EqwXNmQwJ10Q7kNvwEiLIlS&_nc_oc=Adq9h3-NmG-COgu0A6pgwMcizOKi2lF76WoJDp-lJSKo4TrvzA2h2Bj5JD-nxg62Gbc&_nc_ad=z-m&_nc_cid=0&_nc_zt=23&_nc_ht=scontent-atl3-2.cdninstagram.com&_nc_gid=urPl5bgtYzEm9n1FofUP-A&_nc_ss=7a32e&oh=00_Af3X60JfhBYPNejdtFaaJbYVsw8fUpz-028N74XO6Hn1Bg&oe=69DED6B5,4/6/2026,"A Sudoexpo foi pensada para gerar:
🤝 Conexões
📈 Oportunidades comerciais
💼 Relacionamentos estratégicos
Quer transformar presença em resultado? Fale com nossa equipe comercial."
https://www.instagram.com/p/DWrXxAxDcc_,3,2,0,feed,,https://scontent-atl3-1.cdninstagram.com/v/t51.82787-15/654026498_18364792459207836_5322556651204538640_n.jpg?stp=dst-jpg_e35_tt6&_nc_cat=105&ig_cache_key=Mzg2NzI4OTIyODE3NDgwNDc5OQ%3D%3D.3-ccb7-5&ccb=7-5&_nc_sid=58cdad&efg=eyJ2ZW5jb2RlX3RhZyI6InhwaWRzLjEzNTB4MTY4OC5zZHIuQzMifQ%3D%3D&_nc_ohc=KVMxDRtXYZMQ7kNvwF0xMgS&_nc_oc=AdqfvctRLo7NMj02l6Agthxq3gMPBAlhWyHPPZHaLpctsnQwiJSuQ-0rn5Yi_m6v73U&_nc_ad=z-m&_nc_cid=0&_nc_zt=23&_nc_ht=scontent-atl3-1.cdninstagram.com&_nc_gid=urPl5bgtYzEm9n1FofUP-A&_nc_ss=7a32e&oh=00_Af3KL7UtnMNt5qdjN-dLDK07KiRAxlYzaTXlr0zYED9sWA&oe=69DEDE46,https://scontent-atl3-1.cdninstagram.com/v/t51.82787-15/654026498_18364792459207836_5322556651204538640_n.jpg?stp=dst-jpg_e35_tt6&_nc_cat=105&ig_cache_key=Mzg2NzI4OTIyODE3NDgwNDc5OQ%3D%3D.3-ccb7-5&ccb=7-5&_nc_sid=58cdad&efg=eyJ2ZW5jb2RlX3RhZyI6InhwaWRzLjEzNTB4MTY4OC5zZHIuQzMifQ%3D%3D&_nc_ohc=KVMxDRtXYZMQ7kNvwF0xMgS&_nc_oc=AdqfvctRLo7NMj02l6Agthxq3gMPBAlhWyHPPZHaLpctsnQwiJSuQ-0rn5Yi_m6v73U&_nc_ad=z-m&_nc_cid=0&_nc_zt=23&_nc_ht=scontent-atl3-1.cdninstagram.com&_nc_gid=urPl5bgtYzEm9n1FofUP-A&_nc_ss=7a32e&oh=00_Af3KL7UtnMNt5qdjN-dLDK07KiRAxlYzaTXlr0zYED9sWA&oe=69DEDE46,4/3/2026,"Realizada pela ACIRV, a Sudoexpo representa o compromisso da entidade com o crescimento sustentável de Rio Verde e região.
Uma feira construída com visão, planejamento e parceria."
https://www.instagram.com/p/DWpIiXwEWqY,30,0,0,carousel_container,,https://scontent-atl3-3.cdninstagram.com/v/t51.82787-15/658926014_18367649986207836_8550813804551640806_n.heic?stp=dst-jpg_e35_tt6&_nc_cat=108&ig_cache_key=Mzg2NjY1ODg5NDUzODQzNjcyNQ%3D%3D.3-ccb7-5&ccb=7-5&_nc_sid=58cdad&efg=eyJ2ZW5jb2RlX3RhZyI6InhwaWRzLjE0NDB4MTkyMC5zZHIuQzMifQ%3D%3D&_nc_ohc=7PGYmKCxGCAQ7kNvwFqSIMk&_nc_oc=AdqwXI0uy61Vg3YS5winXbzbBH6jQGxgKAVfb_bE3LbmsQ68n7TiUXIffPQSXJd8Dd4&_nc_ad=z-m&_nc_cid=0&_nc_zt=23&_nc_ht=scontent-atl3-3.cdninstagram.com&_nc_gid=urPl5bgtYzEm9n1FofUP-A&_nc_ss=7a32e&oh=00_Af08wK5-nVUlc4C0VtvwFl0z-jCg8ntqXRdojuwzo7J0sw&oe=69DEB2E3,https://scontent-atl3-3.cdninstagram.com/v/t51.82787-15/658926014_18367649986207836_8550813804551640806_n.heic?stp=dst-jpg_e35_tt6&_nc_cat=108&ig_cache_key=Mzg2NjY1ODg5NDUzODQzNjcyNQ%3D%3D.3-ccb7-5&ccb=7-5&_nc_sid=58cdad&efg=eyJ2ZW5jb2RlX3RhZyI6InhwaWRzLjE0NDB4MTkyMC5zZHIuQzMifQ%3D%3D&_nc_ohc=7PGYmKCxGCAQ7kNvwFqSIMk&_nc_oc=AdqwXI0uy61Vg3YS5winXbzbBH6jQGxgKAVfb_bE3LbmsQ68n7TiUXIffPQSXJd8Dd4&_nc_ad=z-m&_nc_cid=0&_nc_zt=23&_nc_ht=scontent-atl3-3.cdninstagram.com&_nc_gid=urPl5bgtYzEm9n1FofUP-A&_nc_ss=7a32e&oh=00_Af08wK5-nVUlc4C0VtvwFl0z-jCg8ntqXRdojuwzo7J0sw&oe=69DEB2E3,4/2/2026,"Compreender a infraestrutura que move o nosso setor produtivo é o passo principal para planejar a expansão de qualquer negócio local. 

Recebemos a diretoria da @grupoequatorial para uma análise profunda dos resultados recentes e das novas inovações aplicadas na nossa região. Esse nível de diálogo direto mostra que #ConectarParaCrescer é o método exato para garantir que as demandas do empresário cheguem a quem toma as decisões. 

Avaliamos como cada nova #Inovação no fornecimento elétrico impacta a rotina e a #Gestão da nossa base produtiva. Alinhar a infraestrutura de #Energia com as necessidades do comércio e da indústria da #ACIRV gera previsibilidade concreta para quem planeja investir mais e abrir novos mercados. 

Aqui, ninguém cresce isolado. A gente cresce conectado."
https://www.instagram.com/p/DWo-GnskVys,21,1,722,clips,https://scontent-atl3-3.cdninstagram.com/o1/v/t2/f2/m86/AQPmlL_8kI6P0DKe46J9P9VoPxwS9aD2w3u7fh0BTCDx-0U-UjGvRx7CK0PACmIArxF3FYcGVJBA4pSoXYk5XeBiUOmXgNUc04O_KeE.mp4?_nc_cat=107&_nc_sid=5e9851&_nc_ht=scontent-atl3-3.cdninstagram.com&_nc_ohc=W5rIhjpDDV8Q7kNvwEFLHeA&efg=eyJ2ZW5jb2RlX3RhZyI6Inhwdl9wcm9ncmVzc2l2ZS5JTlNUQUdSQU0uQ0xJUFMuQzMuNzIwLmRhc2hfYmFzZWxpbmVfMV92MSIsInhwdl9hc3NldF9pZCI6MTgzNjc2NDIwMTUyMDc4MzYsImFzc2V0X2FnZV9kYXlzIjo3LCJ2aV91c2VjYXNlX2lkIjoxMDA5OSwiZHVyYXRpb25fcyI6MjgsInVybGdlbl9zb3VyY2UiOiJ3d3cifQ%3D%3D&ccb=17-1&vs=f551d710d1d6c778&_nc_vs=HBksFQIYUmlnX3hwdl9yZWVsc19wZXJtYW5lbnRfc3JfcHJvZC84QjQ1MTQwRjBEMEUyMTIwQ0M3Mjk3RkVDNTA0QTc5Q192aWRlb19kYXNoaW5pdC5tcDQVAALIARIAFQIYUWlnX3hwdl9wbGFjZW1lbnRfcGVybWFuZW50X3YyL0U1NEUzMjQ5M0VFQkRDQzg4ODU5NTlCQTQ4QkQ4MDk4X2F1ZGlvX2Rhc2hpbml0Lm1wNBUCAsgBEgAoABgAGwKIB3VzZV9vaWwBMRJwcm9ncmVzc2l2ZV9yZWNpcGUBMRUAACa4xuyavdGgQRUCKAJDMywXQDwqfvnbItEYEmRhc2hfYmFzZWxpbmVfMV92MREAdf4HZeadAQA&_nc_gid=urPl5bgtYzEm9n1FofUP-A&_nc_zt=28&_nc_ss=7a3a8&oh=00_Af1vrLOAkvfIXdKjrYgCRoWEeKS2KDpNTTB7cn1xBad08A&oe=69DACDDC,https://scontent-atl3-3.cdninstagram.com/v/t51.82787-15/662358677_18368354839207836_1158644023712890241_n.jpg?stp=dst-jpg_e15_tt6&_nc_cat=108&ig_cache_key=Mzg2NjYxMzQxMzkyMTc3NDc2NDE4MzY4MzU0ODMzMjA3ODM2.3-ccb7-5&ccb=7-5&_nc_sid=58cdad&efg=eyJ2ZW5jb2RlX3RhZyI6InhwaWRzLjU0MHg5NjAuc2RyLkMzIn0%3D&_nc_ohc=vWYLfYUjUHAQ7kNvwGwz0C2&_nc_oc=Ado-b4GrZ_s_vgBPFqNboCfdxyW4wwRBLLRx6g4fXLjG29BCDpDvy701yaerlXkwq_8&_nc_ad=z-m&_nc_cid=0&_nc_zt=23&_nc_ht=scontent-atl3-3.cdninstagram.com&_nc_gid=urPl5bgtYzEm9n1FofUP-A&_nc_ss=7a3a8&oh=00_Af1mts8LOA7Qq5sXLaEavcR1VUtgTDDGGJtHrFqjFo1lIA&oe=69DEDC70,https://scontent-atl3-3.cdninstagram.com/v/t51.82787-15/662358677_18368354839207836_1158644023712890241_n.jpg?stp=dst-jpg_e15_tt6&_nc_cat=108&ig_cache_key=Mzg2NjYxMzQxMzkyMTc3NDc2NDE4MzY4MzU0ODMzMjA3ODM2.3-ccb7-5&ccb=7-5&_nc_sid=58cdad&efg=eyJ2ZW5jb2RlX3RhZyI6InhwaWRzLjU0MHg5NjAuc2RyLkMzIn0%3D&_nc_ohc=vWYLfYUjUHAQ7kNvwGwz0C2&_nc_oc=Ado-b4GrZ_s_vgBPFqNboCfdxyW4wwRBLLRx6g4fXLjG29BCDpDvy701yaerlXkwq_8&_nc_ad=z-m&_nc_cid=0&_nc_zt=23&_nc_ht=scontent-atl3-3.cdninstagram.com&_nc_gid=urPl5bgtYzEm9n1FofUP-A&_nc_ss=7a3a8&oh=00_Af1mts8LOA7Qq5sXLaEavcR1VUtgTDDGGJtHrFqjFo1lIA&oe=69DEDC70,4/2/2026,"Sobreviver a 18 anos de mercado exige mais do que um bom produto ou serviço. Exige uma rede de representatividade que defenda o seu setor em todas as frentes. 

O relato de quem confia na visão institucional da #ACIRV há quase duas décadas valida o nosso cenário atual. A permanência de grandes líderes empresariais ao nosso lado indica que o #Associativismo entrega resultados práticos no dia a dia. 

Essa postura colaborativa confirma que a cultura de #ConectarParaCrescer molda o futuro econômico. Quando a experiência dos membros se alinha ao ritmo acelerado da diretoria, a evolução do nosso ecossistema acontece baseada em três pilares fundamentais:

* Defesa contínua dos interesses de cada segmento.
* Construção de um ambiente favorável para novos #Negócios.
* Planejamento focado em entregar a melhor feira SudoExpo dos últimos anos.

A união de forças e a disposição para o trabalho conjunto elevam o potencial de #RioVerde, preparando o terreno seguro para os próximos líderes. 

Aqui, ninguém cresce isolado. A gente cresce conectado."
https://www.instagram.com/p/DWoOpZ9jeZe,60,4,0,carousel_container,,https://scontent-atl3-1.cdninstagram.com/v/t51.82787-15/658846004_18367594996207836_4968012867069425801_n.heic?stp=dst-jpg_e35_tt6&_nc_cat=103&ig_cache_key=Mzg2NjQwMzA5OTk2Nzg1NDMxNQ%3D%3D.3-ccb7-5&ccb=7-5&_nc_sid=58cdad&efg=eyJ2ZW5jb2RlX3RhZyI6InhwaWRzLjE0NDB4MTEyMy5zZHIuQzMifQ%3D%3D&_nc_ohc=27HdqZxBV-gQ7kNvwGPVl0K&_nc_oc=AdqReBgFKp5PT-JLuZ4nqZO_8DUx9V7MVVIbf3Qj3RYSvi6IAAGsbjDA8B7IAbg1DJY&_nc_ad=z-m&_nc_cid=0&_nc_zt=23&_nc_ht=scontent-atl3-1.cdninstagram.com&_nc_gid=urPl5bgtYzEm9n1FofUP-A&_nc_ss=7a32e&oh=00_Af25-CnC7mR_TeBB10EVMMavS5ccZ29gGGdVGL8g-ENOQA&oe=69DEDD6D,https://scontent-atl3-1.cdninstagram.com/v/t51.82787-15/658846004_18367594996207836_4968012867069425801_n.heic?stp=dst-jpg_e35_tt6&_nc_cat=103&ig_cache_key=Mzg2NjQwMzA5OTk2Nzg1NDMxNQ%3D%3D.3-ccb7-5&ccb=7-5&_nc_sid=58cdad&efg=eyJ2ZW5jb2RlX3RhZyI6InhwaWRzLjE0NDB4MTEyMy5zZHIuQzMifQ%3D%3D&_nc_ohc=27HdqZxBV-gQ7kNvwGPVl0K&_nc_oc=AdqReBgFKp5PT-JLuZ4nqZO_8DUx9V7MVVIbf3Qj3RYSvi6IAAGsbjDA8B7IAbg1DJY&_nc_ad=z-m&_nc_cid=0&_nc_zt=23&_nc_ht=scontent-atl3-1.cdninstagram.com&_nc_gid=urPl5bgtYzEm9n1FofUP-A&_nc_ss=7a32e&oh=00_Af25-CnC7mR_TeBB10EVMMavS5ccZ29gGGdVGL8g-ENOQA&oe=69DEDD6D,4/2/2026,"O alinhamento entre as principais lideranças dita o ritmo da economia goiana pelos próximos meses. O encontro que definiu a largada da #ExpoRioVerde2026 consolida a união de quem movimenta a nossa base produtiva e impulsiona o desenvolvimento local.

A forte presença dos representantes da #ACIRV ao lado do @srrioverde neste evento prova que o conceito #ConectarParaCrescer opera como um método exato de expansão comercial. Ao colocar o setor de serviços e o #AgroNegócio no mesmo ambiente de discussão, estruturamos um terreno seguro para a geração de novos contratos. 

O empresário de #RioVerde que acompanha essa movimentação de perto conquista vantagens imediatas:
• Antecipação de demandas e tendências de consumo.
• Acesso direto aos tomadores de decisão do setor produtivo.
• Oportunidade prática de formar alianças comerciais duradouras.

Aqui, ninguém cresce isolado. A gente cresce conectado."
https://www.instagram.com/p/DWoN4mpjVC_,29,2,0,feed,,https://scontent-dfw6-1.cdninstagram.com/v/t51.82787-15/660295830_18367594702207836_5316277988533903960_n.heic?stp=dst-jpg_e35_tt6&_nc_cat=102&ig_cache_key=Mzg2NjQwMTM0NDQ5MjIyODc5OQ%3D%3D.3-ccb7-5&ccb=7-5&_nc_sid=58cdad&efg=eyJ2ZW5jb2RlX3RhZyI6InhwaWRzLjE0Mzl4OTU5LnNkci5DMyJ9&_nc_ohc=75Oed24JEUIQ7kNvwFwCbfh&_nc_oc=AdrwrvOn8_G6GHRjWX6Y8pVP7MM-YkE48dmhtb1MPsky3cSL_DX7fItVuf6QH8o3hlY&_nc_ad=z-m&_nc_cid=0&_nc_zt=23&_nc_ht=scontent-dfw6-1.cdninstagram.com&_nc_gid=KijYWV7aMURY-LuMaIp3rg&_nc_ss=7a32e&oh=00_Af1dDjMvW1comczBT1eiN-qMoXBppnpSIs7SNuKLv0vDbg&oe=69DEDCF3,https://scontent-dfw6-1.cdninstagram.com/v/t51.82787-15/660295830_18367594702207836_5316277988533903960_n.heic?stp=dst-jpg_e35_tt6&_nc_cat=102&ig_cache_key=Mzg2NjQwMTM0NDQ5MjIyODc5OQ%3D%3D.3-ccb7-5&ccb=7-5&_nc_sid=58cdad&efg=eyJ2ZW5jb2RlX3RhZyI6InhwaWRzLjE0Mzl4OTU5LnNkci5DMyJ9&_nc_ohc=75Oed24JEUIQ7kNvwFwCbfh&_nc_oc=AdrwrvOn8_G6GHRjWX6Y8pVP7MM-YkE48dmhtb1MPsky3cSL_DX7fItVuf6QH8o3hlY&_nc_ad=z-m&_nc_cid=0&_nc_zt=23&_nc_ht=scontent-dfw6-1.cdninstagram.com&_nc_gid=KijYWV7aMURY-LuMaIp3rg&_nc_ss=7a32e&oh=00_Af1dDjMvW1comczBT1eiN-qMoXBppnpSIs7SNuKLv0vDbg&oe=69DEDCF3,4/2/2026,"O desenvolvimento econômico contínuo exige alinhamento direto entre a formação de novos talentos e as demandas do setor produtivo. Este é o diagnóstico que pautou a visita institucional da nossa diretoria ao Reitor da UniRV, Alberto Barella. 

Sentar à mesa com lideranças acadêmicas significa construir soluções claras para o futuro comercial.

Esta troca de visão e planejamento prova que #ConectarParaCrescer funciona como um método prático de expansão para toda a base produtiva de #RioVerde. O diálogo aproxima o rigor acadêmico das necessidades do #Empreendedorismo.

Sem esse alinhamento profundo entre educação e negócios, o comércio perde a chance de gerar #Inovação e competitividade em larga escala. 

Aqui, ninguém cresce isolado. A gente cresce conectado."
https://www.instagram.com/p/DWmjQ9ekQYr,89,1,1476,clips,https://scontent-dfw5-2.cdninstagram.com/o1/v/t2/f2/m86/AQNghM7tjkKznDAYbP12L4-afbXbM3SmKnTgFZzu9qoLVNOJQoO0mcGl8uzWWh5lXf86__j0i0MPbZOLqlkfEdj5qhjgXIvenf7u2Yg.mp4?_nc_cat=107&_nc_sid=5e9851&_nc_ht=scontent-dfw5-2.cdninstagram.com&_nc_ohc=pfXOjUrnEjIQ7kNvwFn5rsP&efg=eyJ2ZW5jb2RlX3RhZyI6Inhwdl9wcm9ncmVzc2l2ZS5JTlNUQUdSQU0uQ0xJUFMuQzMuNzIwLmRhc2hfYmFzZWxpbmVfMV92MSIsInhwdl9hc3NldF9pZCI6MTgzNjc1MjQ0MTIyMDc4MzYsImFzc2V0X2FnZV9kYXlzIjo4LCJ2aV91c2VjYXNlX2lkIjoxMDA5OSwiZHVyYXRpb25fcyI6NTEsInVybGdlbl9zb3VyY2UiOiJ3d3cifQ%3D%3D&ccb=17-1&vs=7986e25759769b41&_nc_vs=HBksFQIYUmlnX3hwdl9yZWVsc19wZXJtYW5lbnRfc3JfcHJvZC8yRDQ3OTYwQzBGRUNDQUMzNTBDMEMzNTkxODVBQUQ5MV92aWRlb19kYXNoaW5pdC5tcDQVAALIARIAFQIYUWlnX3hwdl9wbGFjZW1lbnRfcGVybWFuZW50X3YyL0RBNDMxNUFDMzA1QjU2NURDM0Y1RDk4Qzg5N0E4NzgyX2F1ZGlvX2Rhc2hpbml0Lm1wNBUCAsgBEgAoABgAGwKIB3VzZV9vaWwBMRJwcm9ncmVzc2l2ZV9yZWNpcGUBMRUAACa4y_H_0MqgQRUCKAJDMywXQEnd0vGp--cYEmRhc2hfYmFzZWxpbmVfMV92MREAdf4HZeadAQA&_nc_gid=KijYWV7aMURY-LuMaIp3rg&_nc_ss=7a32e&_nc_zt=28&oh=00_Af0eswnws495EELK2fdSAV2P8wbXfK65zx2R0PS3-1Y_jg&oe=69DAC97C,https://scontent-dfw5-1.cdninstagram.com/v/t51.82787-15/658428645_18367524514207836_6810374503780497099_n.jpg?stp=dst-jpg_e15_tt6&_nc_cat=105&ig_cache_key=Mzg2NTkzMjQyNzI5NDczNzk2MzE4MzY3NTI0NTA4MjA3ODM2.3-ccb7-5&ccb=7-5&_nc_sid=58cdad&efg=eyJ2ZW5jb2RlX3RhZyI6InhwaWRzLjU0MHg5NjAuc2RyLkMzIn0%3D&_nc_ohc=Ns4Wantu1mIQ7kNvwEkiYLV&_nc_oc=Adomf_Xk5kASxgX9FTHIqD53ONcVhsJu80yAuaqBvEiALWZxlh-qiHWkMTTe817F2Cc&_nc_ad=z-m&_nc_cid=0&_nc_zt=23&_nc_ht=scontent-dfw5-1.cdninstagram.com&_nc_gid=KijYWV7aMURY-LuMaIp3rg&_nc_ss=7a32e&oh=00_Af3DyysaGprul4qOReFCoyUYxz7Gx5vl6WkxvVfn7XN1bg&oe=69DEAF90,https://scontent-dfw5-1.cdninstagram.com/v/t51.82787-15/658428645_18367524514207836_6810374503780497099_n.jpg?stp=dst-jpg_e15_tt6&_nc_cat=105&ig_cache_key=Mzg2NTkzMjQyNzI5NDczNzk2MzE4MzY3NTI0NTA4MjA3ODM2.3-ccb7-5&ccb=7-5&_nc_sid=58cdad&efg=eyJ2ZW5jb2RlX3RhZyI6InhwaWRzLjU0MHg5NjAuc2RyLkMzIn0%3D&_nc_ohc=Ns4Wantu1mIQ7kNvwEkiYLV&_nc_oc=Adomf_Xk5kASxgX9FTHIqD53ONcVhsJu80yAuaqBvEiALWZxlh-qiHWkMTTe817F2Cc&_nc_ad=z-m&_nc_cid=0&_nc_zt=23&_nc_ht=scontent-dfw5-1.cdninstagram.com&_nc_gid=KijYWV7aMURY-LuMaIp3rg&_nc_ss=7a32e&oh=00_Af3DyysaGprul4qOReFCoyUYxz7Gx5vl6WkxvVfn7XN1bg&oe=69DEAF90,4/1/2026,"Quando a insegurança ameaçou o setor produtivo no passado, a articulação empresarial não recuou, mas viabilizou uma obra estrutural de 27 milhões por apenas 7 milhões.

Esse é o peso prático de uma entidade que age. A trajetória liderada pela #ACIRV comprova que superar desafios complexos exige mais do que opiniões; exige alianças sólidas. 

O que construímos de forma concreta:
• Estabilidade: A mobilização conjunta com o Ministério Público para erguer o complexo prisional pacificou crises históricas e garantiu a segurança operacional de #RioVerde.
• Autoridade de Mercado: Instituições de fomento validam a nossa feira multissetorial como a maior vitrine de #Negócios urbanos do estado de Goiás.

Esses marcos históricos provam que #ConectarParaCrescer é o método mais inteligente e seguro para sustentar o #Desenvolvimento da nossa economia a longo prazo.

Aqui, ninguém cresce isolado. A gente cresce conectado."
https://www.instagram.com/p/DWmOuMgDksi,58,6,0,carousel_container,,https://scontent-dfw6-1.cdninstagram.com/v/t51.82787-15/657560573_18367507042207836_1025529742475361425_n.jpg?stp=dst-jpegr_e35_tt6&_nc_cat=102&ig_cache_key=Mzg2NTg0MDUyMDQ5NzM5MTc1MA%3D%3D.3-ccb7-5&ccb=7-5&_nc_sid=58cdad&efg=eyJ2ZW5jb2RlX3RhZyI6InhwaWRzLjE0NDB4MTkyMC5oZHIuQzMifQ%3D%3D&_nc_ohc=S9G-70c4xtcQ7kNvwHfQbBd&_nc_oc=AdqIKxDqg-RqzpIR6TfA7MluoFf_h6f-owdOsnHhwSjRFEVpn-n8rGITn-CM3I8Azcs&_nc_ad=z-m&_nc_cid=0&_nc_zt=23&se=-1&_nc_ht=scontent-dfw6-1.cdninstagram.com&_nc_gid=KijYWV7aMURY-LuMaIp3rg&_nc_ss=7a32e&oh=00_Af0EDBeB00wfKYBSWN8ukR0d2ybsMOqHjb63m9pjNMY5kQ&oe=69DEAD45,https://scontent-dfw6-1.cdninstagram.com/v/t51.82787-15/657560573_18367507042207836_1025529742475361425_n.jpg?stp=dst-jpegr_e35_tt6&_nc_cat=102&ig_cache_key=Mzg2NTg0MDUyMDQ5NzM5MTc1MA%3D%3D.3-ccb7-5&ccb=7-5&_nc_sid=58cdad&efg=eyJ2ZW5jb2RlX3RhZyI6InhwaWRzLjE0NDB4MTkyMC5oZHIuQzMifQ%3D%3D&_nc_ohc=S9G-70c4xtcQ7kNvwHfQbBd&_nc_oc=AdqIKxDqg-RqzpIR6TfA7MluoFf_h6f-owdOsnHhwSjRFEVpn-n8rGITn-CM3I8Azcs&_nc_ad=z-m&_nc_cid=0&_nc_zt=23&se=-1&_nc_ht=scontent-dfw6-1.cdninstagram.com&_nc_gid=KijYWV7aMURY-LuMaIp3rg&_nc_ss=7a32e&oh=00_Af0EDBeB00wfKYBSWN8ukR0d2ybsMOqHjb63m9pjNMY5kQ&oe=69DEAD45,4/1/2026,"Uma sala cheia e cadernos abertos provam que o empresário de Rio Verde entendeu a regra do jogo: dominar o perfil comportamental da equipe é o atalho mais seguro para o resultado corporativo.

As inscrições da nossa oficina esgotaram rapidamente. Esse volume de procura valida o compromisso de quem prioriza o aperfeiçoamento contínuo. Quem esteve presente ontem na #ACIRV e aprendeu o método #DISC já acordou hoje um passo à frente no mercado.

Agradecemos a cada participante pela presença focada e à professora @lucivaineprado pela condução analítica e experiência compartilhada. Aprender táticas avançadas de #GestãoDePessoas em conjunto prova que #ConectarParaCrescer funciona como um alicerce prático para o #Empreendedorismo prosperar.

Aqui, ninguém cresce isolado. A gente cresce conectado."
https://www.instagram.com/p/DWl5DacDTvT,6,1,0,feed,,https://scontent-dfw6-1.cdninstagram.com/v/t51.82787-15/657736660_18366620611207836_3101994507941441442_n.jpg?stp=dst-jpg_e35_tt6&_nc_cat=101&ig_cache_key=Mzg2NTc0Njc3ODM2NDkxODczOQ%3D%3D.3-ccb7-5&ccb=7-5&_nc_sid=58cdad&efg=eyJ2ZW5jb2RlX3RhZyI6InhwaWRzLjEzNTB4MTY4OC5zZHIuQzMifQ%3D%3D&_nc_ohc=LwRVBY8rrg0Q7kNvwHvE5Jp&_nc_oc=AdrXPRkK3y3Kv6phjLpS_pNLoHx39JeuUOgNMIL_kDMqxStuFmyVe4s0MghdfW6UvWo&_nc_ad=z-m&_nc_cid=0&_nc_zt=23&_nc_ht=scontent-dfw6-1.cdninstagram.com&_nc_gid=KijYWV7aMURY-LuMaIp3rg&_nc_ss=7a32e&oh=00_Af34zo3MHPW2zOg7QNS2cNTcE5ucCICdKeohFDywntrtkw&oe=69DEAF50,https://scontent-dfw6-1.cdninstagram.com/v/t51.82787-15/657736660_18366620611207836_3101994507941441442_n.jpg?stp=dst-jpg_e35_tt6&_nc_cat=101&ig_cache_key=Mzg2NTc0Njc3ODM2NDkxODczOQ%3D%3D.3-ccb7-5&ccb=7-5&_nc_sid=58cdad&efg=eyJ2ZW5jb2RlX3RhZyI6InhwaWRzLjEzNTB4MTY4OC5zZHIuQzMifQ%3D%3D&_nc_ohc=LwRVBY8rrg0Q7kNvwHvE5Jp&_nc_oc=AdrXPRkK3y3Kv6phjLpS_pNLoHx39JeuUOgNMIL_kDMqxStuFmyVe4s0MghdfW6UvWo&_nc_ad=z-m&_nc_cid=0&_nc_zt=23&_nc_ht=scontent-dfw6-1.cdninstagram.com&_nc_gid=KijYWV7aMURY-LuMaIp3rg&_nc_ss=7a32e&oh=00_Af34zo3MHPW2zOg7QNS2cNTcE5ucCICdKeohFDywntrtkw&oe=69DEAF50,4/1/2026,"A comercialização dos estandes da Sudoexpo 2026 já começou — e a procura está crescendo.
Não deixe sua marca de fora da maior feira multissetorial do Sudoeste Goiano."
https://www.instagram.com/p/DWkVLqIDeCA,3,6,0,carousel_container,,https://scontent-dfw6-1.cdninstagram.com/v/t51.82787-15/657323822_18367408792207836_8557602782983754867_n.heic?stp=dst-jpg_e35_tt6&_nc_cat=103&ig_cache_key=Mzg2NTMwNTM0NDEwOTI1MzgxNw%3D%3D.3-ccb7-5&ccb=7-5&_nc_sid=58cdad&efg=eyJ2ZW5jb2RlX3RhZyI6InhwaWRzLjE0NDB4MTkyMC5zZHIuQzMifQ%3D%3D&_nc_ohc=MhP6Q1417dsQ7kNvwECFeXc&_nc_oc=AdqnAwgsNS8e8PAScvFJPWSi6gaXfRrfJovL20WA13cX71XFoKQhyfgXodxmAqF3ZQY&_nc_ad=z-m&_nc_cid=0&_nc_zt=23&_nc_ht=scontent-dfw6-1.cdninstagram.com&_nc_gid=KijYWV7aMURY-LuMaIp3rg&_nc_ss=7a32e&oh=00_Af0Nb1sYc5Z7a3SYDJSWEh1Ln9jBNASpc94G_3opaEmPLA&oe=69DEAC45,https://scontent-dfw6-1.cdninstagram.com/v/t51.82787-15/657323822_18367408792207836_8557602782983754867_n.heic?stp=dst-jpg_e35_tt6&_nc_cat=103&ig_cache_key=Mzg2NTMwNTM0NDEwOTI1MzgxNw%3D%3D.3-ccb7-5&ccb=7-5&_nc_sid=58cdad&efg=eyJ2ZW5jb2RlX3RhZyI6InhwaWRzLjE0NDB4MTkyMC5zZHIuQzMifQ%3D%3D&_nc_ohc=MhP6Q1417dsQ7kNvwECFeXc&_nc_oc=AdqnAwgsNS8e8PAScvFJPWSi6gaXfRrfJovL20WA13cX71XFoKQhyfgXodxmAqF3ZQY&_nc_ad=z-m&_nc_cid=0&_nc_zt=23&_nc_ht=scontent-dfw6-1.cdninstagram.com&_nc_gid=KijYWV7aMURY-LuMaIp3rg&_nc_ss=7a32e&oh=00_Af0Nb1sYc5Z7a3SYDJSWEh1Ln9jBNASpc94G_3opaEmPLA&oe=69DEAC45,3/31/2026,"A 5ª edição do Conecta entregou conversão imediata e alianças sólidas que transformam o cenário econômico local, validando o modelo de rodadas estruturadas que gerou negócios na noite de 26/03.

A condução magistral de @rcadria e da @samaratosta1 permitiu que o método do #ConectaACIRV fosse aplicado com precisão técnica, garantindo que cada diálogo se transformasse em oportunidade. 

A divulgação coordenada por @vcomunica e @_laradutra assegurou que o propósito do evento chegasse aos olhos de quem decide, enquanto o suporte das ACIRVETES garantiu o necessário para que nosso evento acontecesse.

O sucesso e a satisfação do público confirmam que o lema #ConectarParaCrescer funciona como um motor de escala para o empresariado local. Agradecemos aos patrocinadores e apoiadores que viabilizam este ambiente de #AliançaComercial em #RioVerde para o fortalecimento do #ConectaACIRV.

Aqui, ninguém cresce isolado. A gente cresce conectado."
https://www.instagram.com/p/DWjvjwljgkK,3,2,0,carousel_container,,https://scontent-dfw6-1.cdninstagram.com/v/t51.82787-15/662874653_18367365241207836_6551529378180890698_n.jpg?stp=dst-jpegr_e35_tt6&_nc_cat=103&ig_cache_key=Mzg2NTE0MDkwMjYwNDIwMjYyOA%3D%3D.3-ccb7-5&ccb=7-5&_nc_sid=58cdad&efg=eyJ2ZW5jb2RlX3RhZyI6InhwaWRzLjE0NDB4MTkyMC5oZHIuQzMifQ%3D%3D&_nc_ohc=y5A32pOxDUEQ7kNvwGl489r&_nc_oc=Adoa9b2Ke7rwEhoUSh2ff4vv4KkyqErMyREEQnxS9I84ZjmlK6lVcH0kXtRPqzOZFgw&_nc_ad=z-m&_nc_cid=0&_nc_zt=23&se=-1&_nc_ht=scontent-dfw6-1.cdninstagram.com&_nc_gid=KijYWV7aMURY-LuMaIp3rg&_nc_ss=7a32e&oh=00_Af1g-ZjymmLvwf3vyBwO15RUCvKSkHpg2JgYBNGSWgXwWA&oe=69DEBBA6,https://scontent-dfw6-1.cdninstagram.com/v/t51.82787-15/662874653_18367365241207836_6551529378180890698_n.jpg?stp=dst-jpegr_e35_tt6&_nc_cat=103&ig_cache_key=Mzg2NTE0MDkwMjYwNDIwMjYyOA%3D%3D.3-ccb7-5&ccb=7-5&_nc_sid=58cdad&efg=eyJ2ZW5jb2RlX3RhZyI6InhwaWRzLjE0NDB4MTkyMC5oZHIuQzMifQ%3D%3D&_nc_ohc=y5A32pOxDUEQ7kNvwGl489r&_nc_oc=Adoa9b2Ke7rwEhoUSh2ff4vv4KkyqErMyREEQnxS9I84ZjmlK6lVcH0kXtRPqzOZFgw&_nc_ad=z-m&_nc_cid=0&_nc_zt=23&se=-1&_nc_ht=scontent-dfw6-1.cdninstagram.com&_nc_gid=KijYWV7aMURY-LuMaIp3rg&_nc_ss=7a32e&oh=00_Af1g-ZjymmLvwf3vyBwO15RUCvKSkHpg2JgYBNGSWgXwWA&oe=69DEBBA6,3/31/2026,"A força de trabalho feminina que sustenta os processos internos da #ACIRV manifesta sua identidade neste painel dedicado à valorização de todas as mulheres de #RioVerde.

Este movimento liderado pela equipe interna confirma que o acolhimento e a competência técnica são pilares fundamentais para o desenvolvimento local, criando um ambiente onde a cooperação impulsiona resultados.

O gesto de construir este espaço para celebrar o #MêsDaMulher exemplifica como a nossa cultura utiliza a diretriz #ConectarParaCrescer como ferramenta prática para unir quem faz a economia regional acontecer.

Esta iniciativa convida à reflexão sobre a liderança que conduz o futuro do #EmpreendedorismoFeminino com precisão e empatia, fortalecendo os laços que sustentam o associativismo.

@poltronica
@vobeto.arquitetura
@rosaniacandida.financas
@jubellejoias
@heloferrazpratas
@_laradutra
@dardanecabral
@nr1humanous
@samaratosta1
@osileiapires
@janainemarquez
@naiara.canossa1
@rakilandia_conectando_pessoas_
@leticialemes.designer
@marieraphaella
@maria_ataidess

Aqui, ninguém cresce isolado. A gente cresce conectado."
https://www.instagram.com/p/DWhaTH_EW9t,55,9,1274,clips,https://scontent-dfw5-1.cdninstagram.com/o1/v/t2/f2/m86/AQPOQowYT82t_LkamOlvz3GLcAN5y8J66kvieYKRTJO9VCayG0xCLZxIvXP870mPJ_4hZ7Vn560Y1Ujl6a9SYrDrtLRwlD1MIKOU1AM.mp4?_nc_cat=111&_nc_sid=5e9851&_nc_ht=scontent-dfw5-1.cdninstagram.com&_nc_ohc=h3Cr48F8Q0IQ7kNvwGVFsTZ&efg=eyJ2ZW5jb2RlX3RhZyI6Inhwdl9wcm9ncmVzc2l2ZS5JTlNUQUdSQU0uQ0xJUFMuQzMuNzIwLmRhc2hfYmFzZWxpbmVfMV92MSIsInhwdl9hc3NldF9pZCI6MTgzNjcyMzQ5ODEyMDc4MzYsImFzc2V0X2FnZV9kYXlzIjoxMCwidmlfdXNlY2FzZV9pZCI6MTAwOTksImR1cmF0aW9uX3MiOjQzLCJ1cmxnZW5fc291cmNlIjoid3d3In0%3D&ccb=17-1&vs=492003d1ae500110&_nc_vs=HBksFQIYUmlnX3hwdl9yZWVsc19wZXJtYW5lbnRfc3JfcHJvZC9ERTRDNzVFRDU1RTQ4ODU2NjEyNjQyOThFNTM5M0Q4NF92aWRlb19kYXNoaW5pdC5tcDQVAALIARIAFQIYUWlnX3hwdl9wbGFjZW1lbnRfcGVybWFuZW50X3YyLzExNEY4NzgxQTVBRjI0QTFFNTc2ODNBN0RENTAxNEFCX2F1ZGlvX2Rhc2hpbml0Lm1wNBUCAsgBEgAoABgAGwKIB3VzZV9vaWwBMRJwcm9ncmVzc2l2ZV9yZWNpcGUBMRUAACa4_PzI5LmgQRUCKAJDMywXQEXzMzMzMzMYEmRhc2hfYmFzZWxpbmVfMV92MREAdf4HZeadAQA&_nc_gid=KijYWV7aMURY-LuMaIp3rg&_nc_zt=28&_nc_ss=7a32e&oh=00_Af07tT5o2sI03znlyXpl0VKw6_g9L0mCdbjOrslPn30klw&oe=69DAD334,https://scontent-dfw5-1.cdninstagram.com/v/t51.82787-15/658214140_18367235188207836_4974304901395442372_n.jpg?stp=dst-jpg_e15_tt6&_nc_cat=105&ig_cache_key=Mzg2NDQ4NTYxODcxNDI0MjkyNTE4MzY3MjM1MTkxMjA3ODM2.3-ccb7-5&ccb=7-5&_nc_sid=58cdad&efg=eyJ2ZW5jb2RlX3RhZyI6InhwaWRzLjU0MHg5NjAuc2RyLkMzIn0%3D&_nc_ohc=VGNd-VIPHeAQ7kNvwGIQQlA&_nc_oc=AdpfKpQ4eSFW_u2wHsqvUYmoFZ_OIvInZZqvvsRURB0d-Gy_RaipYwTiWtuCHYTt4s0&_nc_ad=z-m&_nc_cid=0&_nc_zt=23&_nc_ht=scontent-dfw5-1.cdninstagram.com&_nc_gid=KijYWV7aMURY-LuMaIp3rg&_nc_ss=7a32e&oh=00_Af2YLmawSLEy6t8lh3G5vFJ54K_-ggPKwFPLrCa9YAjYZQ&oe=69DEAD30,https://scontent-dfw5-1.cdninstagram.com/v/t51.82787-15/658214140_18367235188207836_4974304901395442372_n.jpg?stp=dst-jpg_e15_tt6&_nc_cat=105&ig_cache_key=Mzg2NDQ4NTYxODcxNDI0MjkyNTE4MzY3MjM1MTkxMjA3ODM2.3-ccb7-5&ccb=7-5&_nc_sid=58cdad&efg=eyJ2ZW5jb2RlX3RhZyI6InhwaWRzLjU0MHg5NjAuc2RyLkMzIn0%3D&_nc_ohc=VGNd-VIPHeAQ7kNvwGIQQlA&_nc_oc=AdpfKpQ4eSFW_u2wHsqvUYmoFZ_OIvInZZqvvsRURB0d-Gy_RaipYwTiWtuCHYTt4s0&_nc_ad=z-m&_nc_cid=0&_nc_zt=23&_nc_ht=scontent-dfw5-1.cdninstagram.com&_nc_gid=KijYWV7aMURY-LuMaIp3rg&_nc_ss=7a32e&oh=00_Af2YLmawSLEy6t8lh3G5vFJ54K_-ggPKwFPLrCa9YAjYZQ&oe=69DEAD30,3/30/2026,"A impossibilidade de crescer sozinho é uma verdade de mercado que exige a construção de pontes sólidas entre lideranças para sustentar o avanço econômico em #RioVerde. Durante a abertura do Café entre Amigos, a diretora da @acirvmulher, @vivianneolive , destacou como o conselho fortalece o ecossistema feminino por meio do apoio mútuo e da cooperação produtiva. 

A validação dessa entrega aparece no depoimento do Adelar da @alovisitapetes , que enfatiza o valor de frequentar a #ACIRV para gerar novos negócios e absorver conhecimento prático com outros empresários. Praticar o método #ConectarParaCrescer é garantir que o #Empreendedorismo local seja pautado pela colaboração e pela troca constante de experiências que impulsionam resultados consistentes.

Aqui, ninguém cresce isolado. A gente cresce conectado."
https://www.instagram.com/p/DWhE9CEji-N,3,0,0,carousel_container,,https://scontent-dfw5-1.cdninstagram.com/v/t51.82787-15/657846262_18367213321207836_5577589323445362905_n.heic?stp=dst-jpg_e35_tt6&_nc_cat=111&ig_cache_key=Mzg2NDM5MTY1OTIyNDQ0ODU3NA%3D%3D.3-ccb7-5&ccb=7-5&_nc_sid=58cdad&efg=eyJ2ZW5jb2RlX3RhZyI6InhwaWRzLjE0NDB4MTkyMC5zZHIuQzMifQ%3D%3D&_nc_ohc=sbKI6sLXL6oQ7kNvwFeyrcM&_nc_oc=AdrwauGVD7WBScRdR3xgMCg1yc4hdAUB2Tr6jVNIqN1hEfnCWPHX-45g-8n5Wx2M7W0&_nc_ad=z-m&_nc_cid=0&_nc_zt=23&_nc_ht=scontent-dfw5-1.cdninstagram.com&_nc_gid=KijYWV7aMURY-LuMaIp3rg&_nc_ss=7a32e&oh=00_Af2UYWHw_n7bhhRZWy_xb33ca__53JCLc6X2yOVKNXpoYA&oe=69DEC17F,https://scontent-dfw5-1.cdninstagram.com/v/t51.82787-15/657846262_18367213321207836_5577589323445362905_n.heic?stp=dst-jpg_e35_tt6&_nc_cat=111&ig_cache_key=Mzg2NDM5MTY1OTIyNDQ0ODU3NA%3D%3D.3-ccb7-5&ccb=7-5&_nc_sid=58cdad&efg=eyJ2ZW5jb2RlX3RhZyI6InhwaWRzLjE0NDB4MTkyMC5zZHIuQzMifQ%3D%3D&_nc_ohc=sbKI6sLXL6oQ7kNvwFeyrcM&_nc_oc=AdrwauGVD7WBScRdR3xgMCg1yc4hdAUB2Tr6jVNIqN1hEfnCWPHX-45g-8n5Wx2M7W0&_nc_ad=z-m&_nc_cid=0&_nc_zt=23&_nc_ht=scontent-dfw5-1.cdninstagram.com&_nc_gid=KijYWV7aMURY-LuMaIp3rg&_nc_ss=7a32e&oh=00_Af2UYWHw_n7bhhRZWy_xb33ca__53JCLc6X2yOVKNXpoYA&oe=69DEC17F,3/30/2026,"Olhar para a sede de uma entidade com quatro décadas de história exige enxergar além da estrutura física para compreender o motor que impulsiona o setor produtivo regional. 

A relevância da #ACIRV reside na capacidade de transformar o esforço individual em alianças que geram lucro e longevidade no mercado atual.

Ao longo desses 40 anos, o empresariado local aprendeu que #ConectarParaCrescer funciona como um método de aceleração para quem deseja conduzir seu negócio rumo a prosperidade.

Aqui, ninguém cresce isolado. A gente cresce conectado."
https://www.instagram.com/p/DWhEn5YjYjr,3,1,0,feed,,https://scontent-dfw5-1.cdninstagram.com/v/t51.82787-15/654014810_18364792378207836_3435616746865751098_n.jpg?stp=dst-jpg_e35_tt6&_nc_cat=105&ig_cache_key=Mzg2NDM5MDI4OTEyMTQ0NjEyMw%3D%3D.3-ccb7-5&ccb=7-5&_nc_sid=58cdad&efg=eyJ2ZW5jb2RlX3RhZyI6InhwaWRzLjEzNTB4MTY4OC5zZHIuQzMifQ%3D%3D&_nc_ohc=iX7sy3j28fcQ7kNvwGFXi3n&_nc_oc=AdoM1VkcNhIMMFoD1SDtIzDoUGU5iHgmfd5fSrqy_gH4Fmnho4Yl3gCmhFYLvZuOeYY&_nc_ad=z-m&_nc_cid=0&_nc_zt=23&_nc_ht=scontent-dfw5-1.cdninstagram.com&_nc_gid=KijYWV7aMURY-LuMaIp3rg&_nc_ss=7a32e&oh=00_Af0AV_CGJuYHYdIjD36YNDRn5DVS7VdsV3twW7N1aRd89Q&oe=69DED949,https://scontent-dfw5-1.cdninstagram.com/v/t51.82787-15/654014810_18364792378207836_3435616746865751098_n.jpg?stp=dst-jpg_e35_tt6&_nc_cat=105&ig_cache_key=Mzg2NDM5MDI4OTEyMTQ0NjEyMw%3D%3D.3-ccb7-5&ccb=7-5&_nc_sid=58cdad&efg=eyJ2ZW5jb2RlX3RhZyI6InhwaWRzLjEzNTB4MTY4OC5zZHIuQzMifQ%3D%3D&_nc_ohc=iX7sy3j28fcQ7kNvwGFXi3n&_nc_oc=AdoM1VkcNhIMMFoD1SDtIzDoUGU5iHgmfd5fSrqy_gH4Fmnho4Yl3gCmhFYLvZuOeYY&_nc_ad=z-m&_nc_cid=0&_nc_zt=23&_nc_ht=scontent-dfw5-1.cdninstagram.com&_nc_gid=KijYWV7aMURY-LuMaIp3rg&_nc_ss=7a32e&oh=00_Af0AV_CGJuYHYdIjD36YNDRn5DVS7VdsV3twW7N1aRd89Q&oe=69DED949,3/30/2026,"A Sudoexpo conecta setores que movem o Centro-Oeste.
Garanta sua presença no ambiente onde os negócios se encontram."
https://www.instagram.com/p/DWguoNcDbVm,3,2,0,carousel_container,,https://scontent-dfw6-1.cdninstagram.com/v/t51.82787-15/658514560_18367175674207836_8994322975571882338_n.heic?stp=dst-jpg_e35_tt6&_nc_cat=103&ig_cache_key=Mzg2NDI5MjI0ODc5MjE2NDU2OQ%3D%3D.3-ccb7-5&ccb=7-5&_nc_sid=58cdad&efg=eyJ2ZW5jb2RlX3RhZyI6InhwaWRzLjE0NDB4MTgwMS5zZHIuQzMifQ%3D%3D&_nc_ohc=3LuOVGZtSIgQ7kNvwFQjHUK&_nc_oc=AdqFTD98I3I64_lk1kr3xfa4p0qvpo7Js8nCUL96acJvJOvdKH2V2I2wHgTbD-ZVqZk&_nc_ad=z-m&_nc_cid=0&_nc_zt=23&_nc_ht=scontent-dfw6-1.cdninstagram.com&_nc_gid=KijYWV7aMURY-LuMaIp3rg&_nc_ss=7a32e&oh=00_Af0O8riExDLB6jLVBjFhcjSgqCC6ue_5QHuVY5vcsjOUDQ&oe=69DED938,https://scontent-dfw6-1.cdninstagram.com/v/t51.82787-15/658514560_18367175674207836_8994322975571882338_n.heic?stp=dst-jpg_e35_tt6&_nc_cat=103&ig_cache_key=Mzg2NDI5MjI0ODc5MjE2NDU2OQ%3D%3D.3-ccb7-5&ccb=7-5&_nc_sid=58cdad&efg=eyJ2ZW5jb2RlX3RhZyI6InhwaWRzLjE0NDB4MTgwMS5zZHIuQzMifQ%3D%3D&_nc_ohc=3LuOVGZtSIgQ7kNvwFQjHUK&_nc_oc=AdqFTD98I3I64_lk1kr3xfa4p0qvpo7Js8nCUL96acJvJOvdKH2V2I2wHgTbD-ZVqZk&_nc_ad=z-m&_nc_cid=0&_nc_zt=23&_nc_ht=scontent-dfw6-1.cdninstagram.com&_nc_gid=KijYWV7aMURY-LuMaIp3rg&_nc_ss=7a32e&oh=00_Af0O8riExDLB6jLVBjFhcjSgqCC6ue_5QHuVY5vcsjOUDQ&oe=69DED938,3/30/2026,"O silenciamento de vozes femininas nas mesas de decisão e o desrespeito camuflado de humor custam caro para a produtividade e para o nosso ecossistema de inovação.

Frases que muitos consideram inofensivas funcionam como barreiras para o desenvolvimento econômico de Rio Verde.

A atuação da #ACIRV em conjunto com o conselho #ACIRVMulher busca expor esses padrões para transformar a cultura empresarial de forma imediata.

Entendemos que #ConectarParaCrescer exige um ambiente onde a competência seja o único critério de avaliação. Quando uma empresária é questionada ou silenciada, o mercado perde inteligência e competitividade. Cabe a cada líder assumir a responsabilidade de:

*  Garantir espaço de fala igualitário em reuniões
*  Repensar comentários automáticos de cunho machista
*  Fortalecer a #LiderançaFeminina em cargos de alta gestão

O progresso em #RioVerde depende de relações baseadas em equidade absoluta e profissionalismo.

Aqui, ninguém cresce isolado. A gente cresce conectado."
https://www.instagram.com/p/DWaARmBDfrx,3,3,0,carousel_container,,https://scontent-dfw5-2.cdninstagram.com/v/t51.82787-15/660466822_18366693526207836_5179860878457835252_n.heic?stp=dst-jpg_e35_tt6&_nc_cat=104&ig_cache_key=Mzg2MjM5OTY1NDU0MTc3Nzg3Nw%3D%3D.3-ccb7-5&ccb=7-5&_nc_sid=58cdad&efg=eyJ2ZW5jb2RlX3RhZyI6InhwaWRzLjE0NDB4MTkyMC5zZHIuQzMifQ%3D%3D&_nc_ohc=qDuTElHiiXcQ7kNvwEwg8BM&_nc_oc=AdpNXdopOAZCItqETohLnsCboGb-SqnLgjF4FbO4CubwjTtVF5I8XqcVUAxHFALLFls&_nc_ad=z-m&_nc_cid=0&_nc_zt=23&_nc_ht=scontent-dfw5-2.cdninstagram.com&_nc_gid=KijYWV7aMURY-LuMaIp3rg&_nc_ss=7a32e&oh=00_Af0kIrT84FXQjpohzt4WF_1F9wL0SK8jEA6NwMDLumM9xA&oe=69DEB290,https://scontent-dfw5-2.cdninstagram.com/v/t51.82787-15/660466822_18366693526207836_5179860878457835252_n.heic?stp=dst-jpg_e35_tt6&_nc_cat=104&ig_cache_key=Mzg2MjM5OTY1NDU0MTc3Nzg3Nw%3D%3D.3-ccb7-5&ccb=7-5&_nc_sid=58cdad&efg=eyJ2ZW5jb2RlX3RhZyI6InhwaWRzLjE0NDB4MTkyMC5zZHIuQzMifQ%3D%3D&_nc_ohc=qDuTElHiiXcQ7kNvwEwg8BM&_nc_oc=AdpNXdopOAZCItqETohLnsCboGb-SqnLgjF4FbO4CubwjTtVF5I8XqcVUAxHFALLFls&_nc_ad=z-m&_nc_cid=0&_nc_zt=23&_nc_ht=scontent-dfw5-2.cdninstagram.com&_nc_gid=KijYWV7aMURY-LuMaIp3rg&_nc_ss=7a32e&oh=00_Af0kIrT84FXQjpohzt4WF_1F9wL0SK8jEA6NwMDLumM9xA&oe=69DEB290,3/27/2026,"O auditório lotado para debater inteligência emocional prova que o equilíbrio interno é o alicerce indispensável para a produtividade e a saúde de qualquer negócio. No Café entre Amigos, realizado ontem, transformamos o autoconhecimento em uma ferramenta de condução para sustentar o crescimento das empresas em #RioVerde.

A clareza trazida por @thallita.lopes ofereceu um diagnóstico preciso sobre como o posicionamento assertivo e o autocuidado blindam a energia de quem decide. O interesse e a participação ativa de cada associado presente confirmam que o mercado busca por conhecimento prático e governança humanizada.

Proporcionar esse ambiente de troca é a execução direta do nosso método #ConectarParaCrescer, onde fortalecer o indivíduo é o primeiro passo para consolidar a #Liderança na #ACIRV. Unir desenvolvimento humano e alta performance é o caminho seguro para uma #Gestão próspera.

Aqui, ninguém cresce isolado. A gente cresce conectado."
https://www.instagram.com/p/DWY9zIQjToK,8,0,0,feed,,https://scontent-dfw5-1.cdninstagram.com/v/t51.82787-15/656268055_18366620233207836_2130347814496774061_n.jpg?stp=dst-jpg_e35_tt6&_nc_cat=111&ig_cache_key=Mzg2MjEwODQ3NDg2ODMxNjY4Mg%3D%3D.3-ccb7-5&ccb=7-5&_nc_sid=58cdad&efg=eyJ2ZW5jb2RlX3RhZyI6InhwaWRzLjEzNTB4MTY4OC5zZHIuQzMifQ%3D%3D&_nc_ohc=4YEc_1OID2YQ7kNvwHp-eUF&_nc_oc=AdoW5MZ5CuCOldFMalzRNRHuLSuiV70OuZyencs9P-Bii71EmAxLUpOt98TmBud7OeI&_nc_ad=z-m&_nc_cid=0&_nc_zt=23&_nc_ht=scontent-dfw5-1.cdninstagram.com&_nc_gid=KijYWV7aMURY-LuMaIp3rg&_nc_ss=7a32e&oh=00_Af33DSEFoOXjxkVQZ1Qr5i8LW-5mXwWtsIixRjvYT5PWMQ&oe=69DECD93,https://scontent-dfw5-1.cdninstagram.com/v/t51.82787-15/656268055_18366620233207836_2130347814496774061_n.jpg?stp=dst-jpg_e35_tt6&_nc_cat=111&ig_cache_key=Mzg2MjEwODQ3NDg2ODMxNjY4Mg%3D%3D.3-ccb7-5&ccb=7-5&_nc_sid=58cdad&efg=eyJ2ZW5jb2RlX3RhZyI6InhwaWRzLjEzNTB4MTY4OC5zZHIuQzMifQ%3D%3D&_nc_ohc=4YEc_1OID2YQ7kNvwHp-eUF&_nc_oc=AdoW5MZ5CuCOldFMalzRNRHuLSuiV70OuZyencs9P-Bii71EmAxLUpOt98TmBud7OeI&_nc_ad=z-m&_nc_cid=0&_nc_zt=23&_nc_ht=scontent-dfw5-1.cdninstagram.com&_nc_gid=KijYWV7aMURY-LuMaIp3rg&_nc_ss=7a32e&oh=00_Af33DSEFoOXjxkVQZ1Qr5i8LW-5mXwWtsIixRjvYT5PWMQ&oe=69DECD93,3/27/2026,"Rio Verde é um dos principais polos econômicos do Centro-Oeste.
A Sudoexpo é o reflexo dessa força produtiva, reunindo empresas, instituições e lideranças que movimentam a economia regional."
https://www.instagram.com/p/DWW3gp_jj47,11,1,0,carousel_container,,https://scontent-dfw6-1.cdninstagram.com/v/t51.82787-15/657636566_18366488464207836_1810984096321993868_n.heic?stp=dst-jpg_e35_tt6&_nc_cat=103&ig_cache_key=Mzg2MTUxMzU1NTY4NjYzNTY1OQ%3D%3D.3-ccb7-5&ccb=7-5&_nc_sid=58cdad&efg=eyJ2ZW5jb2RlX3RhZyI6InhwaWRzLjE0NDB4MTgwMC5zZHIuQzMifQ%3D%3D&_nc_ohc=YDK6vgG3aR0Q7kNvwG9k0-x&_nc_oc=AdoWkVG91pMIqjv4td4m-j3G2D5vgQ8Ne5WFsIpUw7bP87-IsW_u9QqOpaK9eCOGtQw&_nc_ad=z-m&_nc_cid=0&_nc_zt=23&_nc_ht=scontent-dfw6-1.cdninstagram.com&_nc_gid=EozRhbvulX-kUtb9KzPpbg&_nc_ss=7a32e&oh=00_Af3qzk-_RCNpT0c9p_d2cm86T9k5xrgcpdpAszEp6n39YA&oe=69DED914,https://scontent-dfw6-1.cdninstagram.com/v/t51.82787-15/657636566_18366488464207836_1810984096321993868_n.heic?stp=dst-jpg_e35_tt6&_nc_cat=103&ig_cache_key=Mzg2MTUxMzU1NTY4NjYzNTY1OQ%3D%3D.3-ccb7-5&ccb=7-5&_nc_sid=58cdad&efg=eyJ2ZW5jb2RlX3RhZyI6InhwaWRzLjE0NDB4MTgwMC5zZHIuQzMifQ%3D%3D&_nc_ohc=YDK6vgG3aR0Q7kNvwG9k0-x&_nc_oc=AdoWkVG91pMIqjv4td4m-j3G2D5vgQ8Ne5WFsIpUw7bP87-IsW_u9QqOpaK9eCOGtQw&_nc_ad=z-m&_nc_cid=0&_nc_zt=23&_nc_ht=scontent-dfw6-1.cdninstagram.com&_nc_gid=EozRhbvulX-kUtb9KzPpbg&_nc_ss=7a32e&oh=00_Af3qzk-_RCNpT0c9p_d2cm86T9k5xrgcpdpAszEp6n39YA&oe=69DED914,3/26/2026,"Inscrições encerradas em velocidade recorde demonstra que o empresariado de #RioVerde prioriza decisões baseadas em dados e ferramentas práticas para liderar com assertividade. Foi esse fator que tornou a oficina prática de análise de perfil comportamental tão desejada.

No dia 31/03, o grupo que garantiu sua vaga inicia a jornada prática para decifrar padrões humanos, elevando o patamar da gestão local através da metodologia DISC.

Através da parceria entre a #ACIRV e o @Sebrae, entregamos soluções que transformam o ambiente corporativo em um ecossistema de alto desempenho e produtividade. O sucesso absoluto desta oficina demonstra que #ConectarParaCrescer gera um fortalecimento imediato em toda a nossa rede de #Liderança regional. Para quem não garantiu a participação desta vez, manteremos o fluxo de atualização constante nas nossas redes sociais, trazendo novas frentes de #Gestão aplicadas ao seu negócio.

Aqui, ninguém cresce isolado. A gente cresce conectado."
https://www.instagram.com/p/DWSCAbHj0yF,9,0,0,feed,,https://scontent-dfw5-1.cdninstagram.com/v/t51.82787-15/655622476_18366177316207836_1200495832210140044_n.heic?stp=dst-jpg_e35_tt6&_nc_cat=105&ig_cache_key=Mzg2MDE1NjY1NTgyMDgxOTU4OQ%3D%3D.3-ccb7-5&ccb=7-5&_nc_sid=58cdad&efg=eyJ2ZW5jb2RlX3RhZyI6InhwaWRzLjE0NDB4MTgwMC5zZHIuQzMifQ%3D%3D&_nc_ohc=IzAOohP1oZAQ7kNvwGO094o&_nc_oc=Adrjj2IFD2c0qikG3_gA41VyGeWj0m0yTvtH95ZraBZlfKBe97DvKojzO2IuldyZHog&_nc_ad=z-m&_nc_cid=0&_nc_zt=23&_nc_ht=scontent-dfw5-1.cdninstagram.com&_nc_gid=EozRhbvulX-kUtb9KzPpbg&_nc_ss=7a32e&oh=00_Af2l17fmFgV-v3Y4SXmug8qMnvfYiN9n5yOAKcRuSJRgpQ&oe=69DEB157,https://scontent-dfw5-1.cdninstagram.com/v/t51.82787-15/655622476_18366177316207836_1200495832210140044_n.heic?stp=dst-jpg_e35_tt6&_nc_cat=105&ig_cache_key=Mzg2MDE1NjY1NTgyMDgxOTU4OQ%3D%3D.3-ccb7-5&ccb=7-5&_nc_sid=58cdad&efg=eyJ2ZW5jb2RlX3RhZyI6InhwaWRzLjE0NDB4MTgwMC5zZHIuQzMifQ%3D%3D&_nc_ohc=IzAOohP1oZAQ7kNvwGO094o&_nc_oc=Adrjj2IFD2c0qikG3_gA41VyGeWj0m0yTvtH95ZraBZlfKBe97DvKojzO2IuldyZHog&_nc_ad=z-m&_nc_cid=0&_nc_zt=23&_nc_ht=scontent-dfw5-1.cdninstagram.com&_nc_gid=EozRhbvulX-kUtb9KzPpbg&_nc_ss=7a32e&oh=00_Af2l17fmFgV-v3Y4SXmug8qMnvfYiN9n5yOAKcRuSJRgpQ&oe=69DEB157,3/24/2026,"A construção de alianças estratégicas é o alicerce mais robusto para quem busca escala e sustentabilidade no mercado de Rio Verde, e em apenas 48 horas, o #CONECTA abrirá as portas para essa transformação. 

O empresário que é presente na #ACIRV compreende que o networking deixa de ser uma conversa informal para se tornar uma tática de expansão comercial, provando que o movimento #ConectarParaCrescer é a ferramenta necessária para se alcançar novas oportunidades de expansão. Este encontro é o ambiente ideal para repensar modelos de negócio e conduzir parcerias que geram resultados positivos e imediatos.

Aqui, ninguém cresce isolado. A gente cresce conectado."
https://www.instagram.com/p/DWSAYY1DwhP,3,2,0,carousel_container,,https://scontent-dfw6-1.cdninstagram.com/v/t51.82787-15/657729545_18366176089207836_6343894952359860488_n.heic?stp=dst-jpg_e35_tt6&_nc_cat=101&ig_cache_key=Mzg2MDE0NzkxNjk4MDA4MDM3OQ%3D%3D.3-ccb7-5&ccb=7-5&_nc_sid=58cdad&efg=eyJ2ZW5jb2RlX3RhZyI6InhwaWRzLjE0NDB4MTgwMC5zZHIuQzMifQ%3D%3D&_nc_ohc=H3oZ3GAiKnAQ7kNvwHGCV4C&_nc_oc=Adp0izOpcYXVhsQmO7RCjKyHBDmmBtLmjqrq925678TRKDWzdosm_xDHDWHrETjIwE8&_nc_ad=z-m&_nc_cid=0&_nc_zt=23&_nc_ht=scontent-dfw6-1.cdninstagram.com&_nc_gid=EozRhbvulX-kUtb9KzPpbg&_nc_ss=7a32e&oh=00_Af3-wOq4FVwYWK_prGpHFUQQOTRpYYL-VGY4PHyxPRAQpw&oe=69DEC71A,https://scontent-dfw6-1.cdninstagram.com/v/t51.82787-15/657729545_18366176089207836_6343894952359860488_n.heic?stp=dst-jpg_e35_tt6&_nc_cat=101&ig_cache_key=Mzg2MDE0NzkxNjk4MDA4MDM3OQ%3D%3D.3-ccb7-5&ccb=7-5&_nc_sid=58cdad&efg=eyJ2ZW5jb2RlX3RhZyI6InhwaWRzLjE0NDB4MTgwMC5zZHIuQzMifQ%3D%3D&_nc_ohc=H3oZ3GAiKnAQ7kNvwHGCV4C&_nc_oc=Adp0izOpcYXVhsQmO7RCjKyHBDmmBtLmjqrq925678TRKDWzdosm_xDHDWHrETjIwE8&_nc_ad=z-m&_nc_cid=0&_nc_zt=23&_nc_ht=scontent-dfw6-1.cdninstagram.com&_nc_gid=EozRhbvulX-kUtb9KzPpbg&_nc_ss=7a32e&oh=00_Af3-wOq4FVwYWK_prGpHFUQQOTRpYYL-VGY4PHyxPRAQpw&oe=69DEC71A,3/24/2026,"A solidez de uma empresa não depende apenas do capital, mas da qualidade das ferramentas e do ecossistema técnico que sustenta suas decisões diárias mais complexas. Ao longo de quatro décadas, a #ACIRV consolidou uma estrutura onde a tradição do mercado de Rio Verde encontra a inovação necessária para a retenção de valor e a segurança jurídica. 

O empresário que utiliza a nossa Câmara de Mediação e Arbitragem ou garante agilidade operacional via Certificado Digital não apenas cumpre processos, ele blinda sua gestão com suporte especializado. Integrar esse ambiente é a prova de que #ConectarParaCrescer funciona como um método prático para transformar o uso de nossos auditórios em alianças comerciais e as salas de treinamento em evolução para a sua equipe. Consolidar sua marca exige estar onde a estrutura favorece o resultado.

Aqui, ninguém cresce isolado. A gente cresce conectado."
https://www.instagram.com/p/DWRnxuzjb2E,3,0,0,feed,,https://scontent-dfw6-1.cdninstagram.com/v/t51.82787-15/654034814_18364792135207836_8964928097953608757_n.jpg?stp=dst-jpg_e35_tt6&_nc_cat=103&ig_cache_key=Mzg2MDA0MTI5Njk1ODU2OTg2MA%3D%3D.3-ccb7-5&ccb=7-5&_nc_sid=58cdad&efg=eyJ2ZW5jb2RlX3RhZyI6InhwaWRzLjEzNTB4MTY4OC5zZHIuQzMifQ%3D%3D&_nc_ohc=OzlAT_kE95kQ7kNvwER1L1I&_nc_oc=Adq78fxr6rgausSqlqDt28kWtfeHzFvEtTZv9UgYQQbKJY2ynFEKhL75P4sSm3LXdsY&_nc_ad=z-m&_nc_cid=0&_nc_zt=23&_nc_ht=scontent-dfw6-1.cdninstagram.com&_nc_gid=EozRhbvulX-kUtb9KzPpbg&_nc_ss=7a32e&oh=00_Af3acqaDz7gS4QGalC5TFXxC3mEykqMV5N9O0SMwCZPprg&oe=69DED266,https://scontent-dfw6-1.cdninstagram.com/v/t51.82787-15/654034814_18364792135207836_8964928097953608757_n.jpg?stp=dst-jpg_e35_tt6&_nc_cat=103&ig_cache_key=Mzg2MDA0MTI5Njk1ODU2OTg2MA%3D%3D.3-ccb7-5&ccb=7-5&_nc_sid=58cdad&efg=eyJ2ZW5jb2RlX3RhZyI6InhwaWRzLjEzNTB4MTY4OC5zZHIuQzMifQ%3D%3D&_nc_ohc=OzlAT_kE95kQ7kNvwER1L1I&_nc_oc=Adq78fxr6rgausSqlqDt28kWtfeHzFvEtTZv9UgYQQbKJY2ynFEKhL75P4sSm3LXdsY&_nc_ad=z-m&_nc_cid=0&_nc_zt=23&_nc_ht=scontent-dfw6-1.cdninstagram.com&_nc_gid=EozRhbvulX-kUtb9KzPpbg&_nc_ss=7a32e&oh=00_Af3acqaDz7gS4QGalC5TFXxC3mEykqMV5N9O0SMwCZPprg&oe=69DED266,3/24/2026,"A Sudoexpo 2026 é o ambiente ideal para:
✔ Lançamentos
✔ Demonstrações
✔ Prospecção
✔ Fortalecimento de marca
Garanta seu estande."
https://www.instagram.com/p/DWRFjLJjrRf,3,3,0,carousel_container,,https://scontent-dfw6-1.cdninstagram.com/v/t51.82787-15/656402239_17940394248168944_8585656487648436407_n.jpg?stp=dst-jpg_e35_tt6&_nc_cat=103&ig_cache_key=Mzg1OTg5MDQzOTkxNDkyNTE0OA%3D%3D.3-ccb7-5&ccb=7-5&_nc_sid=58cdad&efg=eyJ2ZW5jb2RlX3RhZyI6InhwaWRzLjEzNjR4OTA4LnNkci5DMyJ9&_nc_ohc=5j-OWjejR-4Q7kNvwEiqKTq&_nc_oc=AdqPYsGVTEeConl3sUugsovlvvKHmHtKrgJviRP3AHh9mJ07uf77BefLLvWvgROlcBY&_nc_ad=z-m&_nc_cid=0&_nc_zt=23&_nc_ht=scontent-dfw6-1.cdninstagram.com&_nc_gid=EozRhbvulX-kUtb9KzPpbg&_nc_ss=7a32e&oh=00_Af08Ff1TKPGXuoJhDjrWaoS-IS9jvryhqExWeYflG8nf7A&oe=69DEDC76,https://scontent-dfw6-1.cdninstagram.com/v/t51.82787-15/656402239_17940394248168944_8585656487648436407_n.jpg?stp=dst-jpg_e35_tt6&_nc_cat=103&ig_cache_key=Mzg1OTg5MDQzOTkxNDkyNTE0OA%3D%3D.3-ccb7-5&ccb=7-5&_nc_sid=58cdad&efg=eyJ2ZW5jb2RlX3RhZyI6InhwaWRzLjEzNjR4OTA4LnNkci5DMyJ9&_nc_ohc=5j-OWjejR-4Q7kNvwEiqKTq&_nc_oc=AdqPYsGVTEeConl3sUugsovlvvKHmHtKrgJviRP3AHh9mJ07uf77BefLLvWvgROlcBY&_nc_ad=z-m&_nc_cid=0&_nc_zt=23&_nc_ht=scontent-dfw6-1.cdninstagram.com&_nc_gid=EozRhbvulX-kUtb9KzPpbg&_nc_ss=7a32e&oh=00_Af08Ff1TKPGXuoJhDjrWaoS-IS9jvryhqExWeYflG8nf7A&oe=69DEDC76,3/24/2026,"Na 2ª edição do Jantar de Negócios, mais de 100 mulheres estiveram presentes, compartilhando experiências, fortalecendo conexões e vivendo uma noite pensada para aproximar trajetórias e abrir espaço para novas oportunidades. ✨
A energia e o envolvimento mostraram, mais uma vez, a força de caminhar juntas. 💬

Nosso agradecimento a todas que estiveram presentes e fizeram desse momento algo tão significativo. 

Seguimos motivadas pelo que foi construído e pelo que ainda está por vir. 🚀

#AcirvMulher
#JantarDeNegócios
#MulheresNosNegócios
#Conexões"
https://www.instagram.com/p/DWPb0b4D7Ml,44,10,1376,clips,https://scontent-dfw5-1.cdninstagram.com/o1/v/t16/f2/m69/AQMqLg9pc9FkD3mgqQ5mvxenv3kRcq-X94korn4DCzcq7rNC-UCf4LKfvlsno6F8b2E-bS6pxc8NEfoRiQOZZzcQ.mp4?strext=1&_nc_cat=111&_nc_sid=5e9851&_nc_ht=scontent-dfw5-1.cdninstagram.com&_nc_ohc=dt6Jo6n3YiQQ7kNvwE-uEGl&efg=eyJ2ZW5jb2RlX3RhZyI6Inhwdl9wcm9ncmVzc2l2ZS5JTlNUQUdSQU0uQ0xJUFMuQzMuMTI4MC5kYXNoX2Jhc2VsaW5lXzFfdjEiLCJ4cHZfYXNzZXRfaWQiOjE4MzY1OTU2NTg4MjA3ODM2LCJhc3NldF9hZ2VfZGF5cyI6MTcsInZpX3VzZWNhc2VfaWQiOjEwMDk5LCJkdXJhdGlvbl9zIjo3NCwidXJsZ2VuX3NvdXJjZSI6Ind3dyJ9&ccb=17-1&vs=38655da10fa1a076&_nc_vs=HBksFQIYOnBhc3N0aHJvdWdoX2V2ZXJzdG9yZS9HTzZ3LWliTE9GNklDbFFIQU5zVFdOekNGSDRWYnNwVEFRQUYVAALIARIAFQIYUWlnX3hwdl9wbGFjZW1lbnRfcGVybWFuZW50X3YyL0UxNDVERjE3NEIwRDA4MTIyRTRGNURBN0MzMDhDRkIxX2F1ZGlvX2Rhc2hpbml0Lm1wNBUCAsgBEgAoABgAGwKIB3VzZV9vaWwBMRJwcm9ncmVzc2l2ZV9yZWNpcGUBMRUAACa4-7Pmr--fQRUCKAJDMywXQFKiHKwIMScYEmRhc2hfYmFzZWxpbmVfMV92MREAdf4HZeadAQA&_nc_gid=EozRhbvulX-kUtb9KzPpbg&_nc_zt=28&_nc_ss=7a32e&oh=00_Af3ops2cYSXu5UpHFu4BmZDO7rWkNnnKenfxgjL1baYVLw&oe=69DEAF01,https://scontent-dfw6-1.cdninstagram.com/v/t51.82787-15/657290673_18365957746207836_3655864477395733203_n.jpg?stp=dst-jpg_e15_tt6&_nc_cat=103&ig_cache_key=Mzg1OTQyNTc1NjI3OTk3Njc0MTE4MzY1OTU3NzQzMjA3ODM2.3-ccb7-5&ccb=7-5&_nc_sid=58cdad&efg=eyJ2ZW5jb2RlX3RhZyI6InhwaWRzLjU0MHg5NjAuc2RyLkMzIn0%3D&_nc_ohc=pz8-1PQJkYIQ7kNvwHPNNeo&_nc_oc=AdqqenJLRL0qghiRGoL11J51RG4Tfogzp22AsTWdCfEmN2u2jnmcunOAKkdV1Pa0GhY&_nc_ad=z-m&_nc_cid=0&_nc_zt=23&_nc_ht=scontent-dfw6-1.cdninstagram.com&_nc_gid=EozRhbvulX-kUtb9KzPpbg&_nc_ss=7a32e&oh=00_Af0xl5QePY45vk3o9Y09u19y4MeNV0If0Br-HXdnLSp-qg&oe=69DEB733,https://scontent-dfw6-1.cdninstagram.com/v/t51.82787-15/657290673_18365957746207836_3655864477395733203_n.jpg?stp=dst-jpg_e15_tt6&_nc_cat=103&ig_cache_key=Mzg1OTQyNTc1NjI3OTk3Njc0MTE4MzY1OTU3NzQzMjA3ODM2.3-ccb7-5&ccb=7-5&_nc_sid=58cdad&efg=eyJ2ZW5jb2RlX3RhZyI6InhwaWRzLjU0MHg5NjAuc2RyLkMzIn0%3D&_nc_ohc=pz8-1PQJkYIQ7kNvwHPNNeo&_nc_oc=AdqqenJLRL0qghiRGoL11J51RG4Tfogzp22AsTWdCfEmN2u2jnmcunOAKkdV1Pa0GhY&_nc_ad=z-m&_nc_cid=0&_nc_zt=23&_nc_ht=scontent-dfw6-1.cdninstagram.com&_nc_gid=EozRhbvulX-kUtb9KzPpbg&_nc_ss=7a32e&oh=00_Af0xl5QePY45vk3o9Y09u19y4MeNV0If0Br-HXdnLSp-qg&oe=69DEB733,3/23/2026,"A maturidade de um mercado se mede pela capacidade dos seus líderes de sentarem à mesma mesa para forjar alianças que movimentam a economia. O apoio institucional da #ACIRV ao High Society Network 2025/26 reforça a nossa visão de que #ConectarParaCrescer impulsiona toda a Rio Verde. 

Chancelar este espaço de networking é a demonstração prática de que #ConectarParaCrescer atua como o método exato para unir e trazer impacto positivo para nosso ecossistem. Neste ambiente, nossos empreendedores transformam visibilidade em expansão de negócios e constroem o alicerce para os próximos anos de mercado.

Aqui, ninguém cresce isolado. A gente cresce conectado."
https://www.instagram.com/p/DWHw5HaDxqI,3,11,0,carousel_container,,https://scontent-dfw5-1.cdninstagram.com/v/t51.82787-15/655217369_18365338969207836_7711972857931721730_n.jpg?stp=dst-jpg_e15_tt6&_nc_cat=111&ig_cache_key=Mzg1NzI2NjM2MDI4MDExMjg2OA%3D%3D.3-ccb7-5&ccb=7-5&_nc_sid=58cdad&efg=eyJ2ZW5jb2RlX3RhZyI6InhwaWRzLjcyMHg5NjAuc2RyLkMzIn0%3D&_nc_ohc=5HfvpmXpVYMQ7kNvwH187P7&_nc_oc=AdrxNtcDNla0ptcXS9kEIxH611Q9QDo5yv-ZgXK5cQ0Ao1nEk282nEBp67Fe-fKgZmk&_nc_ad=z-m&_nc_cid=0&_nc_zt=23&_nc_ht=scontent-dfw5-1.cdninstagram.com&_nc_gid=EozRhbvulX-kUtb9KzPpbg&_nc_ss=7a32e&oh=00_Af2UGhFvHgejZesg3ZTaUB89j_DB5RKDEA11MUUbpdzQ7w&oe=69DEAE13,https://scontent-dfw5-1.cdninstagram.com/v/t51.82787-15/655217369_18365338969207836_7711972857931721730_n.jpg?stp=dst-jpg_e15_tt6&_nc_cat=111&ig_cache_key=Mzg1NzI2NjM2MDI4MDExMjg2OA%3D%3D.3-ccb7-5&ccb=7-5&_nc_sid=58cdad&efg=eyJ2ZW5jb2RlX3RhZyI6InhwaWRzLjcyMHg5NjAuc2RyLkMzIn0%3D&_nc_ohc=5HfvpmXpVYMQ7kNvwH187P7&_nc_oc=AdrxNtcDNla0ptcXS9kEIxH611Q9QDo5yv-ZgXK5cQ0Ao1nEk282nEBp67Fe-fKgZmk&_nc_ad=z-m&_nc_cid=0&_nc_zt=23&_nc_ht=scontent-dfw5-1.cdninstagram.com&_nc_gid=EozRhbvulX-kUtb9KzPpbg&_nc_ss=7a32e&oh=00_Af2UGhFvHgejZesg3ZTaUB89j_DB5RKDEA11MUUbpdzQ7w&oe=69DEAE13,3/20/2026,"A meta projetada para 80 lideranças foi superada pelo número impressionante de mais de 100 empresárias conectadas. O impacto do evento transcende os números e se torna um marco para o empreendedorismo feminino de Rio Verde. O Jantar de Negócios da #ACIRVMulher entregou uma atmosfera de sofisticação, provando que o requinte e a estratégia caminham juntos na construção de um mercado mais forte.

Muito além do glamour, cada interação no evento funcionou como um motor de parcerias. Testemunhamos negócios sendo fechados e alianças comerciais estabelecidas entre mulheres que compreendem o valor da cooperação. A integração atingiu seu ápice quando a @rakilandia_conectando_pessoas_ conduziu a adesão de uma nova associada à #ACIRV em pleno evento, demonstrando que o fortalecimento da nossa rede acontece no tempo da oportunidade. 

Agradecemos a cada empreendedora que esteve presente e contribuiu para este ambiente de união e protagonismo. Ver essa sinergia em prática reafirma que #ConectarParaCrescer é o alicerce que sustenta nossa visão de futuro para 2026.

Aqui, ninguém cresce isolado. A gente cresce conectado."
https://www.instagram.com/p/DWG8Pe8DW16,12,1,0,feed,,https://scontent-dfw5-1.cdninstagram.com/v/t51.82787-15/655091513_18365251267207836_6473959708536305741_n.heic?stp=dst-jpg_e35_tt6&_nc_cat=109&ig_cache_key=Mzg1NzAzNTA3NzY5MTk5MzQ2Ng%3D%3D.3-ccb7-5&ccb=7-5&_nc_sid=58cdad&efg=eyJ2ZW5jb2RlX3RhZyI6InhwaWRzLjE0NDB4MTgwMC5zZHIuQzMifQ%3D%3D&_nc_ohc=AXK_3mfBG-AQ7kNvwFYKUyd&_nc_oc=Adp5q8kxLLh6e01J1yAwNlNaiLGQ1R1mU2r_WKBGNnTvRcC8y86EpVcN9jp6FXtLAZo&_nc_ad=z-m&_nc_cid=0&_nc_zt=23&_nc_ht=scontent-dfw5-1.cdninstagram.com&_nc_gid=EozRhbvulX-kUtb9KzPpbg&_nc_ss=7a32e&oh=00_Af3CobnXRovWstkXuIgUg-8pi9--g5Iz2F2SSYjq8gOSFg&oe=69DED5C5,https://scontent-dfw5-1.cdninstagram.com/v/t51.82787-15/655091513_18365251267207836_6473959708536305741_n.heic?stp=dst-jpg_e35_tt6&_nc_cat=109&ig_cache_key=Mzg1NzAzNTA3NzY5MTk5MzQ2Ng%3D%3D.3-ccb7-5&ccb=7-5&_nc_sid=58cdad&efg=eyJ2ZW5jb2RlX3RhZyI6InhwaWRzLjE0NDB4MTgwMC5zZHIuQzMifQ%3D%3D&_nc_ohc=AXK_3mfBG-AQ7kNvwFYKUyd&_nc_oc=Adp5q8kxLLh6e01J1yAwNlNaiLGQ1R1mU2r_WKBGNnTvRcC8y86EpVcN9jp6FXtLAZo&_nc_ad=z-m&_nc_cid=0&_nc_zt=23&_nc_ht=scontent-dfw5-1.cdninstagram.com&_nc_gid=EozRhbvulX-kUtb9KzPpbg&_nc_ss=7a32e&oh=00_Af3CobnXRovWstkXuIgUg-8pi9--g5Iz2F2SSYjq8gOSFg&oe=69DED5C5,3/20/2026,"Liderança de alta performance exige a capacidade técnica de decifrar padrões humanos para alocar talentos com precisão e garantir uma equipe que gera impacto positivo. Você irá aprender na prática sobre perfis comportamentais e metodologia DISC na #ACIRV no dia 31/03, às 19h.

Ao dominar ferramentas de análise, o gestor deixa de atuar por intuição para conduzir sua equipe baseando-se em evidências e dados comportamentais. Esse conhecimento é oferecido a população de Rio Verde através de uma parceria do @sebrae com a #ACIRV, provando que #ConectarParaCrescer é o método fundamental para fomentar a economia de #RioVerde e para quem busca articular uma comunicação eficiente e construir um alicerce de produtividade sustentável. Nesta oficina, você desenvolve planos de ação imediatos para mitigar ruídos internos e maximizar o desempenho coletivo através de uma gestão madura.

As inscrições estão disponíveis pelo link na bio.

Aqui, ninguém cresce isolado. A gente cresce conectado."
https://www.instagram.com/p/DWFHcLBjzt_,12,2,0,carousel_container,,https://scontent-dfw5-2.cdninstagram.com/v/t51.82787-15/653700412_18365056333207836_7047717403251434960_n.heic?stp=dst-jpg_e35_tt6&_nc_cat=108&ig_cache_key=Mzg1NjUxNzExMjE4NTk4MjM1OQ%3D%3D.3-ccb7-5&ccb=7-5&_nc_sid=58cdad&efg=eyJ2ZW5jb2RlX3RhZyI6InhwaWRzLjE0NDB4MTgwMC5zZHIuQzMifQ%3D%3D&_nc_ohc=HS0bcAoBWh4Q7kNvwFw4ypn&_nc_oc=AdoE-Fzott7l_P5wj3nCzxjS7wQ7nObK6JyhVWmcpVPLGlNtjpI4vBI3pCytVgNElw4&_nc_ad=z-m&_nc_cid=0&_nc_zt=23&_nc_ht=scontent-dfw5-2.cdninstagram.com&_nc_gid=EozRhbvulX-kUtb9KzPpbg&_nc_ss=7a32e&oh=00_Af3poed0dpkICaf-YO7vq6QDYiOsOOe59o7eMLIa7Kg94A&oe=69DEB2E5,https://scontent-dfw5-2.cdninstagram.com/v/t51.82787-15/653700412_18365056333207836_7047717403251434960_n.heic?stp=dst-jpg_e35_tt6&_nc_cat=108&ig_cache_key=Mzg1NjUxNzExMjE4NTk4MjM1OQ%3D%3D.3-ccb7-5&ccb=7-5&_nc_sid=58cdad&efg=eyJ2ZW5jb2RlX3RhZyI6InhwaWRzLjE0NDB4MTgwMC5zZHIuQzMifQ%3D%3D&_nc_ohc=HS0bcAoBWh4Q7kNvwFw4ypn&_nc_oc=AdoE-Fzott7l_P5wj3nCzxjS7wQ7nObK6JyhVWmcpVPLGlNtjpI4vBI3pCytVgNElw4&_nc_ad=z-m&_nc_cid=0&_nc_zt=23&_nc_ht=scontent-dfw5-2.cdninstagram.com&_nc_gid=EozRhbvulX-kUtb9KzPpbg&_nc_ss=7a32e&oh=00_Af3poed0dpkICaf-YO7vq6QDYiOsOOe59o7eMLIa7Kg94A&oe=69DEB2E5,3/19/2026,"A consolidação do #CONECTA exige parceiros que entendem o peso de investir no mercado local.

O fomento ao networking do Conecta ganha densidade empresarial com o patrocínio Diamante da @trrpetrorio e o alicerce da Cota Ouro garantido pela @eletromarrv . Essa base de expansão comercial se completa com a Cota Prata, assinada por annamarquez e @paxrioverde . O investimento direto dessas empresas em nossa rede comprova que o método #ConectarParaCrescer possibilita eventos de impacto positivo para os empreendedores de Rio Verde. 

Expandir nossa capacidade de impacto positivo exige apoio de excelência, uma engrenagem construída pelas nossas marcas apoiadoras: @aplausoaudiovisual , @print.rv , @nexusistemas , @gcontefotografia , @rccommodities , @luminamarketingmedico , @supermercadoimperiorv e @vox2you.rioverde . Cada parceria citada atua como um motor de desenvolvimento do nosso evento.

Aqui, ninguém cresce isolado. A gente cresce conectado."
https://www.instagram.com/p/DWFGHKDj8qt,3,0,0,carousel_container,,https://scontent-dfw5-1.cdninstagram.com/v/t51.82787-15/655017243_18365055811207836_1267971956331890523_n.heic?stp=dst-jpg_e35_tt6&_nc_cat=111&ig_cache_key=Mzg1NjUxNDMwNTY0Mjk0MzExNQ%3D%3D.3-ccb7-5&ccb=7-5&_nc_sid=58cdad&efg=eyJ2ZW5jb2RlX3RhZyI6InhwaWRzLjE0NDB4MTgwMC5zZHIuQzMifQ%3D%3D&_nc_ohc=UZXGv2EBZlMQ7kNvwGtuyLQ&_nc_oc=AdrbbH9hCyxg84q89o0ux3au_xl6-V7KFTsFOdVXGETpVClhtMEOeC-1A8lVuMnViAI&_nc_ad=z-m&_nc_cid=0&_nc_zt=23&_nc_ht=scontent-dfw5-1.cdninstagram.com&_nc_gid=EozRhbvulX-kUtb9KzPpbg&_nc_ss=7a32e&oh=00_Af2dpoFEpjpLygY0VvdhGm3dECAvyIzeAnG287ySNt0JWA&oe=69DEB8A4,https://scontent-dfw5-1.cdninstagram.com/v/t51.82787-15/655017243_18365055811207836_1267971956331890523_n.heic?stp=dst-jpg_e35_tt6&_nc_cat=111&ig_cache_key=Mzg1NjUxNDMwNTY0Mjk0MzExNQ%3D%3D.3-ccb7-5&ccb=7-5&_nc_sid=58cdad&efg=eyJ2ZW5jb2RlX3RhZyI6InhwaWRzLjE0NDB4MTgwMC5zZHIuQzMifQ%3D%3D&_nc_ohc=UZXGv2EBZlMQ7kNvwGtuyLQ&_nc_oc=AdrbbH9hCyxg84q89o0ux3au_xl6-V7KFTsFOdVXGETpVClhtMEOeC-1A8lVuMnViAI&_nc_ad=z-m&_nc_cid=0&_nc_zt=23&_nc_ht=scontent-dfw5-1.cdninstagram.com&_nc_gid=EozRhbvulX-kUtb9KzPpbg&_nc_ss=7a32e&oh=00_Af2dpoFEpjpLygY0VvdhGm3dECAvyIzeAnG287ySNt0JWA&oe=69DEB8A4,3/19/2026,"Um faturamento explosivo mascara a desorganização interna apenas até o momento em que a base cede sob o peso da própria demanda. A ilusão da atração acelerada de clientes frequentemente esconde as rachaduras de uma operação sem método. 

Consolidar o seu negócio exige fundir o alicerce de uma gestão rigorosa com as ferramentas de inovação das novas frentes digitais. Direcionar o seu ecossistema interno para a eficiência máxima constrói um ambiente comercial resiliente e preparado para o volume. Essa cultura estratégica fomentada pela #ACIRV é a prova de que #ConectarParaCrescer atua como um método de sustentação e longevidade empresarial. Domine a visibilidade para atrair, estruture os bastidores para reter e aplique previsibilidade para expandir.

Aqui, ninguém cresce isolado. A gente cresce conectado."
https://www.instagram.com/p/DWCWot9kSsg,3,1,0,carousel_container,,https://scontent-dfw5-2.cdninstagram.com/v/t51.82787-15/653921224_18364836661207836_8445211430796262663_n.jpg?stp=dst-jpg_e15_tt6&_nc_cat=100&ig_cache_key=Mzg1NTc0MzY0MjQ4OTcwNTQ3Mg%3D%3D.3-ccb7-5&ccb=7-5&_nc_sid=58cdad&efg=eyJ2ZW5jb2RlX3RhZyI6InhwaWRzLjcyMHg5NjAuc2RyLkMzIn0%3D&_nc_ohc=9AdKythPFNkQ7kNvwHe_xUg&_nc_oc=Adqxk-oR6lB2Ym5VmUL0WquOSzMldXwH9N1P64rHpuC2PMHgD-C_UH-08bfU0C0WghY&_nc_ad=z-m&_nc_cid=0&_nc_zt=23&_nc_ht=scontent-dfw5-2.cdninstagram.com&_nc_gid=EozRhbvulX-kUtb9KzPpbg&_nc_ss=7a32e&oh=00_Af3j18uvWC7bZf3rHLlMZHghsXtB_qR46DALgExbf5a9DQ&oe=69DED136,https://scontent-dfw5-2.cdninstagram.com/v/t51.82787-15/653921224_18364836661207836_8445211430796262663_n.jpg?stp=dst-jpg_e15_tt6&_nc_cat=100&ig_cache_key=Mzg1NTc0MzY0MjQ4OTcwNTQ3Mg%3D%3D.3-ccb7-5&ccb=7-5&_nc_sid=58cdad&efg=eyJ2ZW5jb2RlX3RhZyI6InhwaWRzLjcyMHg5NjAuc2RyLkMzIn0%3D&_nc_ohc=9AdKythPFNkQ7kNvwHe_xUg&_nc_oc=Adqxk-oR6lB2Ym5VmUL0WquOSzMldXwH9N1P64rHpuC2PMHgD-C_UH-08bfU0C0WghY&_nc_ad=z-m&_nc_cid=0&_nc_zt=23&_nc_ht=scontent-dfw5-2.cdninstagram.com&_nc_gid=EozRhbvulX-kUtb9KzPpbg&_nc_ss=7a32e&oh=00_Af3j18uvWC7bZf3rHLlMZHghsXtB_qR46DALgExbf5a9DQ&oe=69DED136,3/18/2026,"A consolidação da Sudoexpo 2026 como pilar econômico regional depende da construção de alianças sólidas e estratégicas entre a governança pública e o setor produtivo. A receptividade e o suporte institucional de @welligtoncarrijo no Paço Municipal fortalecem o planejamento da nossa comissão, garantindo que o evento entregue resultados para o desenvolvimento de Rio Verde. 

A articulação contínua com @raphael_valongo , @regodemoraes , @diegomodolo , @edneyarakaki e @eng.gustavo.lacerda demonstra que #ConectarParaCrescer é a diretriz que une a #ACIRV à gestão municipal em prol de um ecossistema empresarial robusto e integrado. Quando as instituições convergem objetivos, o setor industrial e comercial amplia sua capacidade de inovação e gera alicerces para um crescimento coletivo.

Aqui, ninguém cresce isolado. A gente cresce conectado."
https://www.instagram.com/p/DWCIY_RDc_6,3,1,0,feed,,https://scontent-dfw5-2.cdninstagram.com/v/t51.82787-15/653878368_18364792105207836_830883272339977774_n.jpg?stp=dst-jpg_e35_tt6&_nc_cat=100&ig_cache_key=Mzg1NTY4MTEzMjU1Mzk0OTE3OA%3D%3D.3-ccb7-5&ccb=7-5&_nc_sid=58cdad&efg=eyJ2ZW5jb2RlX3RhZyI6InhwaWRzLjEzNTB4MTY4OC5zZHIuQzMifQ%3D%3D&_nc_ohc=XCs1QBIgOAwQ7kNvwEjp89W&_nc_oc=Adoek67Xou_00DndtJAknSPeZN3AvvTAUp7-FprV4Hlrb9TKNpEPWt_dTRwW9CxALEs&_nc_ad=z-m&_nc_cid=0&_nc_zt=23&_nc_ht=scontent-dfw5-2.cdninstagram.com&_nc_gid=EozRhbvulX-kUtb9KzPpbg&_nc_ss=7a32e&oh=00_Af14oebd44sAPVFHPk91te7HMU5ogwy12WtpC5MC2B8Xag&oe=69DECA83,https://scontent-dfw5-2.cdninstagram.com/v/t51.82787-15/653878368_18364792105207836_830883272339977774_n.jpg?stp=dst-jpg_e35_tt6&_nc_cat=100&ig_cache_key=Mzg1NTY4MTEzMjU1Mzk0OTE3OA%3D%3D.3-ccb7-5&ccb=7-5&_nc_sid=58cdad&efg=eyJ2ZW5jb2RlX3RhZyI6InhwaWRzLjEzNTB4MTY4OC5zZHIuQzMifQ%3D%3D&_nc_ohc=XCs1QBIgOAwQ7kNvwEjp89W&_nc_oc=Adoek67Xou_00DndtJAknSPeZN3AvvTAUp7-FprV4Hlrb9TKNpEPWt_dTRwW9CxALEs&_nc_ad=z-m&_nc_cid=0&_nc_zt=23&_nc_ht=scontent-dfw5-2.cdninstagram.com&_nc_gid=EozRhbvulX-kUtb9KzPpbg&_nc_ss=7a32e&oh=00_Af14oebd44sAPVFHPk91te7HMU5ogwy12WtpC5MC2B8Xag&oe=69DECA83,3/18/2026,"A Sudoexpo nasce de um propósito claro: impulsionar o desenvolvimento do Sudoeste Goiano por meio de conexões que geram resultados.
📍 Estacionamento do Teatro Lauro Martins
🗓 9 a 12 de setembro de 2026"
https://www.instagram.com/p/DWBzpLtDWc4,3,7,0,carousel_container,,https://scontent-atl3-3.cdninstagram.com/v/t51.82787-15/654023016_18364768423207836_2400526358474240725_n.jpg?stp=dst-jpegr_e35_tt6&_nc_cat=107&ig_cache_key=Mzg1NTU4NTg0MDMzMjYxMTYxOQ%3D%3D.3-ccb7-5&ccb=7-5&_nc_sid=58cdad&efg=eyJ2ZW5jb2RlX3RhZyI6InhwaWRzLjE0NDB4MTkyMC5oZHIuQzMifQ%3D%3D&_nc_ohc=usqhT6b6AfcQ7kNvwGKs4O1&_nc_oc=Adq9PTYpGaj9J4pIE0V0tfTeHpISL_sym2Mf7PhOMN_ctsEP5ZO8j9U1HCipWFx57FM&_nc_ad=z-m&_nc_cid=0&_nc_zt=23&_nc_ht=scontent-atl3-3.cdninstagram.com&_nc_gid=4IWBq6dWABGGAGVOyTbW_A&_nc_ss=7a32e&oh=00_Af1E1Ve_qy-IdD2WQ5_rGngxJlQgZjSvj0OjUq-7dp4UkQ&oe=69DEAD48,https://scontent-atl3-3.cdninstagram.com/v/t51.82787-15/654023016_18364768423207836_2400526358474240725_n.jpg?stp=dst-jpegr_e35_tt6&_nc_cat=107&ig_cache_key=Mzg1NTU4NTg0MDMzMjYxMTYxOQ%3D%3D.3-ccb7-5&ccb=7-5&_nc_sid=58cdad&efg=eyJ2ZW5jb2RlX3RhZyI6InhwaWRzLjE0NDB4MTkyMC5oZHIuQzMifQ%3D%3D&_nc_ohc=usqhT6b6AfcQ7kNvwGKs4O1&_nc_oc=Adq9PTYpGaj9J4pIE0V0tfTeHpISL_sym2Mf7PhOMN_ctsEP5ZO8j9U1HCipWFx57FM&_nc_ad=z-m&_nc_cid=0&_nc_zt=23&_nc_ht=scontent-atl3-3.cdninstagram.com&_nc_gid=4IWBq6dWABGGAGVOyTbW_A&_nc_ss=7a32e&oh=00_Af1E1Ve_qy-IdD2WQ5_rGngxJlQgZjSvj0OjUq-7dp4UkQ&oe=69DEAD48,3/18/2026,"O domínio da gestão financeira é o alicerce fundamental para que o empreendedor de Rio Verde deixe de apenas gerenciar o cotidiano e passe a escalar resultados com base em dados. A oficina Descomplica MEI, realizada em parceria com o @sebrae na sede da ACIRV no último dia 17/03, entregou ferramentas para a organização de caixa e visão de futuro.

Contar com a visão analítica de @rosaniacandida.financas, da @acirvmulher, e com a experiência em mentoria de @daniel.otaviooficial potencializa a retenção do conhecimento compartilhado. A participação ativa de nomes como @nr1humanous, mayarapaula2.0, @divinonegao, @cleonicerosamendonca, @leilaaniceto e a @poltronica_ demonstra que o fortalecimento da nossa rede passa pelo compromisso individual com a excelência. Integrar tradição e inovação é o que faz o ecossistema pulsar, validando que #ConectarParaCrescer conduz à prosperidade coletiva.

Quem participou voltou para casa mais seguro com suas finanças e transformado pelas ferramentas de gestão apresentadas pelo Prof. @daniel.otaviooficial. O evento também representou para os participantes uma excelente oportunidade de networking qualificado.

Aqui, ninguém cresce isolado. A gente cresce conectado."
https://www.instagram.com/p/DWBx2GGDseo,3,3,0,carousel_container,,https://scontent-atl3-3.cdninstagram.com/v/t51.82787-15/653484439_17939422329168944_7351158122712454735_n.jpg?stp=dst-jpg_e35_tt6&_nc_cat=108&ig_cache_key=Mzg1NTU3ODI4MDM4NDkyNzg3MQ%3D%3D.3-ccb7-5&ccb=7-5&_nc_sid=58cdad&efg=eyJ2ZW5jb2RlX3RhZyI6InhwaWRzLjEwODB4MTM1MC5zZHIuQzMifQ%3D%3D&_nc_ohc=lKOZNz0QhOEQ7kNvwH31uti&_nc_oc=AdqXDjtFSTdhMLTT51WKGlSgVl8x3CvxabmWr6OQyccmY6GM_tEGdCzFcJy_JnGtoSw&_nc_ad=z-m&_nc_cid=0&_nc_zt=23&_nc_ht=scontent-atl3-3.cdninstagram.com&_nc_gid=4IWBq6dWABGGAGVOyTbW_A&_nc_ss=7a32e&oh=00_Af1iIj3ukxjqK_g_uUMFNFeB9qs0CnzFxZr3Ev7sBhjJHw&oe=69DEBAD0,https://scontent-atl3-3.cdninstagram.com/v/t51.82787-15/653484439_17939422329168944_7351158122712454735_n.jpg?stp=dst-jpg_e35_tt6&_nc_cat=108&ig_cache_key=Mzg1NTU3ODI4MDM4NDkyNzg3MQ%3D%3D.3-ccb7-5&ccb=7-5&_nc_sid=58cdad&efg=eyJ2ZW5jb2RlX3RhZyI6InhwaWRzLjEwODB4MTM1MC5zZHIuQzMifQ%3D%3D&_nc_ohc=lKOZNz0QhOEQ7kNvwH31uti&_nc_oc=AdqXDjtFSTdhMLTT51WKGlSgVl8x3CvxabmWr6OQyccmY6GM_tEGdCzFcJy_JnGtoSw&_nc_ad=z-m&_nc_cid=0&_nc_zt=23&_nc_ht=scontent-atl3-3.cdninstagram.com&_nc_gid=4IWBq6dWABGGAGVOyTbW_A&_nc_ss=7a32e&oh=00_Af1iIj3ukxjqK_g_uUMFNFeB9qs0CnzFxZr3Ev7sBhjJHw&oe=69DEBAD0,3/18/2026,"JANTAR DE NEGÓCIOS DAS MULHERES 
Nem todo negócio precisa de mais tempo. Às vezes, precisa de decisão. E mulheres sabem disso. 

Se você sente que já é hora de ampliar sua visão, ouvir novas perspectivas e se aproximar de mulheres que também estão em movimento, esse é o momento. 

As inscrições se encerram hoje. ⌛️

Garanta sua participação pelo link da bio e esteja presente em uma noite que pode abrir novos caminhos. ✨📊

#AcirvMulher
#JantarDeNegócios
#EmpreendedorismoFeminino
#MulheresNosNegócios"
https://www.instagram.com/p/DWBwp61jTHK,3,17,0,feed,,https://scontent-atl3-3.cdninstagram.com/v/t51.82787-15/654047554_18364765417207836_1562482255527770844_n.heic?stp=dst-jpg_e35_tt6&_nc_cat=110&ig_cache_key=Mzg1NTU3Njc0MjkxMjQwNTk2Mg%3D%3D.3-ccb7-5&ccb=7-5&_nc_sid=58cdad&efg=eyJ2ZW5jb2RlX3RhZyI6InhwaWRzLjE0NDB4MTgwMC5zZHIuQzMifQ%3D%3D&_nc_ohc=LdH9AIYC8hwQ7kNvwGy2KtW&_nc_oc=AdrTULM4ERSENtwXsmjat1Rzm-HtDehQW1UDjuXOkeFkcB8V70ehqOJ0AQqJ-R2Vg-8&_nc_ad=z-m&_nc_cid=0&_nc_zt=23&_nc_ht=scontent-atl3-3.cdninstagram.com&_nc_gid=4IWBq6dWABGGAGVOyTbW_A&_nc_ss=7a32e&oh=00_Af0pW9FowV7M2AcizgC4RqiArt_yomrEhhfjNv-crzEZFw&oe=69DEDEF4,https://scontent-atl3-3.cdninstagram.com/v/t51.82787-15/654047554_18364765417207836_1562482255527770844_n.heic?stp=dst-jpg_e35_tt6&_nc_cat=110&ig_cache_key=Mzg1NTU3Njc0MjkxMjQwNTk2Mg%3D%3D.3-ccb7-5&ccb=7-5&_nc_sid=58cdad&efg=eyJ2ZW5jb2RlX3RhZyI6InhwaWRzLjE0NDB4MTgwMC5zZHIuQzMifQ%3D%3D&_nc_ohc=LdH9AIYC8hwQ7kNvwGy2KtW&_nc_oc=AdrTULM4ERSENtwXsmjat1Rzm-HtDehQW1UDjuXOkeFkcB8V70ehqOJ0AQqJ-R2Vg-8&_nc_ad=z-m&_nc_cid=0&_nc_zt=23&_nc_ht=scontent-atl3-3.cdninstagram.com&_nc_gid=4IWBq6dWABGGAGVOyTbW_A&_nc_ss=7a32e&oh=00_Af0pW9FowV7M2AcizgC4RqiArt_yomrEhhfjNv-crzEZFw&oe=69DEDEF4,3/18/2026,"Liderança produtiva exige um alicerce emocional robusto, capaz de sustentar decisões estratégicas sem o esgotamento da própria essência. No dia 26 de março, às 07h30, o Café entre Amigos Especial Mês da Mulher recebe @thallita.lopes para um diagnóstico preciso sobre como o autoconhecimento e o estabelecimento de limites saudáveis impactam diretamente a performance e a condução de negócios.

Este encontro no auditório da #ACIRV demonstra que #ConectarParaCrescer começa pela gestão eficiente da própria energia e pela clareza absoluta no posicionamento. Discutir como o autocuidado consolida relações de valor é fundamental para quem busca uma governança equilibrada e resultados no mercado atual, unindo o bem-estar pessoal à solidez profissional.

Inscreva-se pelo link na bio do nosso instagram.

Aqui, ninguém cresce isolado. A gente cresce conectado."
https://www.instagram.com/p/DV_stJGDpRE,3,1,0,carousel_container,,https://scontent-atl3-3.cdninstagram.com/v/t51.82787-15/652020274_18364648669207836_2461755219339775429_n.jpg?stp=dst-jpg_e15_tt6&_nc_cat=108&ig_cache_key=Mzg1NDk5NjI3MTM1NDc5MDMxMQ%3D%3D.3-ccb7-5&ccb=7-5&_nc_sid=58cdad&efg=eyJ2ZW5jb2RlX3RhZyI6InhwaWRzLjcyMHg5NjAuc2RyLkMzIn0%3D&_nc_ohc=fg0AVwxOnHYQ7kNvwGgkymG&_nc_oc=AdqZWp7t45MrdF1x0oU_Ni_ISfTH8vtfJYoGLCBaiYSRoQdJgo9XFZo1LY97Xe8np4w&_nc_ad=z-m&_nc_cid=0&_nc_zt=23&_nc_ht=scontent-atl3-3.cdninstagram.com&_nc_gid=4IWBq6dWABGGAGVOyTbW_A&_nc_ss=7a32e&oh=00_Af1qvG9tW-iWYGBMed0EfWiNVPFmFYugguQyZB2UWg5Y6A&oe=69DEB6C1,https://scontent-atl3-3.cdninstagram.com/v/t51.82787-15/652020274_18364648669207836_2461755219339775429_n.jpg?stp=dst-jpg_e15_tt6&_nc_cat=108&ig_cache_key=Mzg1NDk5NjI3MTM1NDc5MDMxMQ%3D%3D.3-ccb7-5&ccb=7-5&_nc_sid=58cdad&efg=eyJ2ZW5jb2RlX3RhZyI6InhwaWRzLjcyMHg5NjAuc2RyLkMzIn0%3D&_nc_ohc=fg0AVwxOnHYQ7kNvwGgkymG&_nc_oc=AdqZWp7t45MrdF1x0oU_Ni_ISfTH8vtfJYoGLCBaiYSRoQdJgo9XFZo1LY97Xe8np4w&_nc_ad=z-m&_nc_cid=0&_nc_zt=23&_nc_ht=scontent-atl3-3.cdninstagram.com&_nc_gid=4IWBq6dWABGGAGVOyTbW_A&_nc_ss=7a32e&oh=00_Af1qvG9tW-iWYGBMed0EfWiNVPFmFYugguQyZB2UWg5Y6A&oe=69DEB6C1,3/17/2026,"A força do setor produtivo ganha escala quando o empresariado e o poder público municipal alinham estratégias para destravar gargalos logísticos estaduais.

Para garantir a infraestrutura exigida pelo nosso polo empresarial, a #ACIRV oficializou as demandas urgentes da GO-210/174 junto ao executivo municipal. O objetivo é construir uma frente única e robusta para cobrar e viabilizar, diretamente com o Estado, a conclusão da duplicação da rodovia, a estruturação de vias vicinais e a ampliação da segurança primária para frotas e colaboradores. 

Articular a força das nossas lideranças históricas na exigência por um ecossistema de mobilidade eficiente comprova que #ConectarParaCrescer atua rigorosamente como nosso método tático de expansão e consolidação comercial. 

Aqui, ninguém cresce isolado. A gente cresce conectado."
https://www.instagram.com/p/DV9mHsIjeVZ,3,1,0,carousel_container,,https://scontent-atl3-1.cdninstagram.com/v/t51.82787-15/653927381_18364509673207836_1290077570404920059_n.heic?stp=dst-jpg_e35_tt6&_nc_cat=106&ig_cache_key=Mzg1NDM1NDYwNjkwNjc3OTUzNw%3D%3D.3-ccb7-5&ccb=7-5&_nc_sid=58cdad&efg=eyJ2ZW5jb2RlX3RhZyI6InhwaWRzLjE0NDB4MTgwMC5zZHIuQzMifQ%3D%3D&_nc_ohc=bvFeMpNcAYYQ7kNvwF6j3B_&_nc_oc=Adp41nxGoPfgWy-YyXXTpvQy9DiMZDnugVEpQH6J-_WSFfVctEabSMd5bxA9owlSbwg&_nc_ad=z-m&_nc_cid=0&_nc_zt=23&_nc_ht=scontent-atl3-1.cdninstagram.com&_nc_gid=4IWBq6dWABGGAGVOyTbW_A&_nc_ss=7a32e&oh=00_Af2RUbFZ1eeynK4QhfeqIVXfQeitcFweG14adwMNAKIgtQ&oe=69DEC74B,https://scontent-atl3-1.cdninstagram.com/v/t51.82787-15/653927381_18364509673207836_1290077570404920059_n.heic?stp=dst-jpg_e35_tt6&_nc_cat=106&ig_cache_key=Mzg1NDM1NDYwNjkwNjc3OTUzNw%3D%3D.3-ccb7-5&ccb=7-5&_nc_sid=58cdad&efg=eyJ2ZW5jb2RlX3RhZyI6InhwaWRzLjE0NDB4MTgwMC5zZHIuQzMifQ%3D%3D&_nc_ohc=bvFeMpNcAYYQ7kNvwF6j3B_&_nc_oc=Adp41nxGoPfgWy-YyXXTpvQy9DiMZDnugVEpQH6J-_WSFfVctEabSMd5bxA9owlSbwg&_nc_ad=z-m&_nc_cid=0&_nc_zt=23&_nc_ht=scontent-atl3-1.cdninstagram.com&_nc_gid=4IWBq6dWABGGAGVOyTbW_A&_nc_ss=7a32e&oh=00_Af2RUbFZ1eeynK4QhfeqIVXfQeitcFweG14adwMNAKIgtQ&oe=69DEC74B,3/16/2026,"Em um mercado que muda rápido, criar conexões é essencial para crescer. O #ConectaACIRV promove encontros que geram negócios e parcerias. O evento ocorre dia 26 de março, às 19h, na sede da #ACIRV.

Evento exclusivo, com vagas limitadas, que coloca em prática o lema #ConectarParaCrescer. Em rodadas de networking, empresários trocam experiências, criam conexões e geram novas oportunidades de negócio. Garanta sua vaga.

Aqui, ninguém cresce isolado. A gente cresce conectado."
https://www.instagram.com/p/DV9RHT8kWnl,3,4,938,clips,https://scontent-atl3-3.cdninstagram.com/o1/v/t16/f2/m69/AQPKC11nICp1GKYdfoy57fNc5DYNOB6a6Km5uULs4ud1OqVLJ0Q0S0085P5b5ZocKMj50BHbbDlgSzR57ubdSDa2.mp4?strext=1&_nc_cat=110&_nc_sid=5e9851&_nc_ht=scontent-atl3-3.cdninstagram.com&_nc_ohc=vpRh-6kXV5wQ7kNvwHs3nwF&efg=eyJ2ZW5jb2RlX3RhZyI6Inhwdl9wcm9ncmVzc2l2ZS5JTlNUQUdSQU0uQ0xJUFMuQzMuNzIwLmRhc2hfYmFzZWxpbmVfMV92MSIsInhwdl9hc3NldF9pZCI6MTgzNjQ1MDMwMjUyMDc4MzYsImFzc2V0X2FnZV9kYXlzIjoyNCwidmlfdXNlY2FzZV9pZCI6MTAwOTksImR1cmF0aW9uX3MiOjI2LCJ1cmxnZW5fc291cmNlIjoid3d3In0%3D&ccb=17-1&vs=485f31d9e6753d35&_nc_vs=HBksFQIYOnBhc3N0aHJvdWdoX2V2ZXJzdG9yZS9HS19JM2lhZGFHQzlBaXdIQUJUd2YycVg0LWdRYnNwVEFRQUYVAALIARIAFQIYUWlnX3hwdl9wbGFjZW1lbnRfcGVybWFuZW50X3YyL0E4NDQ5RTQ5M0FFOEZFRUVCQ0UzRUIyNzlBNjg5Qjg1X2F1ZGlvX2Rhc2hpbml0Lm1wNBUCAsgBEgAoABgAGwKIB3VzZV9vaWwBMRJwcm9ncmVzc2l2ZV9yZWNpcGUBMRUAACa4qNr04ZqfQRUCKAJDMywXQDoAAAAAAAAYEmRhc2hfYmFzZWxpbmVfMV92MREAdf4HZeadAQA&_nc_gid=4IWBq6dWABGGAGVOyTbW_A&_nc_zt=28&_nc_ss=7a32e&oh=00_Af0fhuj3c5FW3MJ35Nh2NRbx5srP5LvIl3ocYBPdcGDU8w&oe=69DECF7A,https://scontent-atl3-1.cdninstagram.com/v/t51.82787-15/654026600_18364503346207836_5040062148972759554_n.jpg?stp=dst-jpg_e15_tt6&_nc_cat=106&ig_cache_key=Mzg1NDMxMjEyNTM0MzI5NTk3MzE4MzY0NTAzMzQzMjA3ODM2.3-ccb7-5&ccb=7-5&_nc_sid=58cdad&efg=eyJ2ZW5jb2RlX3RhZyI6InhwaWRzLjU0MHg5NjAuc2RyLkMzIn0%3D&_nc_ohc=M8c_g2_GfUwQ7kNvwEUFcZh&_nc_oc=AdoxXDFjSMD--MebLXgXMc0GNgdv5EtJm1v0PV5r7J6ccu4Hqoda-hBfqHVBs6pUnj0&_nc_ad=z-m&_nc_cid=0&_nc_zt=23&_nc_ht=scontent-atl3-1.cdninstagram.com&_nc_gid=4IWBq6dWABGGAGVOyTbW_A&_nc_ss=7a32e&oh=00_Af1UvNoYnzbi6tBFdJYOSpLBl8AdjrrloeX88i4xgOJ86w&oe=69DEBDF3,https://scontent-atl3-1.cdninstagram.com/v/t51.82787-15/654026600_18364503346207836_5040062148972759554_n.jpg?stp=dst-jpg_e15_tt6&_nc_cat=106&ig_cache_key=Mzg1NDMxMjEyNTM0MzI5NTk3MzE4MzY0NTAzMzQzMjA3ODM2.3-ccb7-5&ccb=7-5&_nc_sid=58cdad&efg=eyJ2ZW5jb2RlX3RhZyI6InhwaWRzLjU0MHg5NjAuc2RyLkMzIn0%3D&_nc_ohc=M8c_g2_GfUwQ7kNvwEUFcZh&_nc_oc=AdoxXDFjSMD--MebLXgXMc0GNgdv5EtJm1v0PV5r7J6ccu4Hqoda-hBfqHVBs6pUnj0&_nc_ad=z-m&_nc_cid=0&_nc_zt=23&_nc_ht=scontent-atl3-1.cdninstagram.com&_nc_gid=4IWBq6dWABGGAGVOyTbW_A&_nc_ss=7a32e&oh=00_Af1UvNoYnzbi6tBFdJYOSpLBl8AdjrrloeX88i4xgOJ86w&oe=69DEBDF3,3/16/2026,"Mais de 90% dos espaços da Sudoexpo 2026 já estão ocupados. Com apenas 10% restantes, quem quiser participar das principais negociações da região precisa garantir seu espaço rapidamente.

A venda de mais dois estandes mostra que o método #ConectarParaCrescer gera resultados. Estar na #Sudoexpo com a #ACIRV transforma o networking em oportunidades de crescimento para os negócios.

Aqui, ninguém cresce isolado. A gente cresce conectado."
https://www.instagram.com/p/DV1pI4EEXFk,3,3,0,feed,,https://scontent-atl3-3.cdninstagram.com/v/t51.82787-15/651380715_18363933880207836_8715438260332079599_n.heic?stp=dst-jpg_e35_tt6&_nc_cat=110&ig_cache_key=Mzg1MjE2NTk4NjE0NTg5MDY2MA%3D%3D.3-ccb7-5&ccb=7-5&_nc_sid=58cdad&efg=eyJ2ZW5jb2RlX3RhZyI6InhwaWRzLjE0NDB4MTgwMC5zZHIuQzMifQ%3D%3D&_nc_ohc=VNHuLDljbJYQ7kNvwHpYuGF&_nc_oc=Ado83pZ84Dum_FQWWKb3a2cl9Iuehjqqkpo0QUZytpvx2FGAZC5TouVB5ZxPoIj90Bk&_nc_ad=z-m&_nc_cid=0&_nc_zt=23&_nc_ht=scontent-atl3-3.cdninstagram.com&_nc_gid=4IWBq6dWABGGAGVOyTbW_A&_nc_ss=7a32e&oh=00_Af3CHXWt8f5FafTMNfb2xueSLZtPj1rkHUiFjJm-3oVb7Q&oe=69DEBE28,https://scontent-atl3-3.cdninstagram.com/v/t51.82787-15/651380715_18363933880207836_8715438260332079599_n.heic?stp=dst-jpg_e35_tt6&_nc_cat=110&ig_cache_key=Mzg1MjE2NTk4NjE0NTg5MDY2MA%3D%3D.3-ccb7-5&ccb=7-5&_nc_sid=58cdad&efg=eyJ2ZW5jb2RlX3RhZyI6InhwaWRzLjE0NDB4MTgwMC5zZHIuQzMifQ%3D%3D&_nc_ohc=VNHuLDljbJYQ7kNvwHpYuGF&_nc_oc=Ado83pZ84Dum_FQWWKb3a2cl9Iuehjqqkpo0QUZytpvx2FGAZC5TouVB5ZxPoIj90Bk&_nc_ad=z-m&_nc_cid=0&_nc_zt=23&_nc_ht=scontent-atl3-3.cdninstagram.com&_nc_gid=4IWBq6dWABGGAGVOyTbW_A&_nc_ss=7a32e&oh=00_Af3CHXWt8f5FafTMNfb2xueSLZtPj1rkHUiFjJm-3oVb7Q&oe=69DEBE28,3/13/2026,"O que leva um cumprimento casual virar um contrato assinado é a estrutura de um pitch de impacto, competência que o administrador e palestrante Urley Oliveira consolidou ao liderar ecossistemas de mais de 100 empresários em nossa região. 

Como sócio-franqueado da @Vox2you_RioVerde, Urley traz para a Mesa de Networking Conecta um método fundamentado em autoridade e influência para converter diálogos em resultados. Ao dominar a transição do contato ao contrato, o empreendedor assume a condução de suas negociações com clareza e intenção, validando que a estratégia de #ConectarParaCrescer é o alicerce para parcerias comerciais sólidas e duradouras. 

As vagas para esta edição já estão quase no fim, o link de inscrição para garantir sua cadeira está disponível na bio do nosso perfil.

Aqui, ninguém cresce isolado. A gente cresce conectado."
https://www.instagram.com/p/DV1oTltEZyD,3,0,0,feed,,https://scontent-atl3-3.cdninstagram.com/v/t51.82787-15/652592449_18363933085207836_2462570421170299512_n.heic?stp=dst-jpg_e35_tt6&_nc_cat=109&ig_cache_key=Mzg1MjE2MjMyNDMwMDQwNTg5MQ%3D%3D.3-ccb7-5&ccb=7-5&_nc_sid=58cdad&efg=eyJ2ZW5jb2RlX3RhZyI6InhwaWRzLjE0NDB4MTgwMC5zZHIuQzMifQ%3D%3D&_nc_ohc=sHG_7_XsdEEQ7kNvwHeLOJD&_nc_oc=AdqZd31AYIAyWp11mMhrDiyfJGuNjycCsfcU4qOthwzMfph_3asA3VMIlTKSryauu84&_nc_ad=z-m&_nc_cid=0&_nc_zt=23&_nc_ht=scontent-atl3-3.cdninstagram.com&_nc_gid=4IWBq6dWABGGAGVOyTbW_A&_nc_ss=7a32e&oh=00_Af27n9XlCm06j_137rGUcYShYXslmrSnCqEBjIF1qqBVWg&oe=69DEDEBD,https://scontent-atl3-3.cdninstagram.com/v/t51.82787-15/652592449_18363933085207836_2462570421170299512_n.heic?stp=dst-jpg_e35_tt6&_nc_cat=109&ig_cache_key=Mzg1MjE2MjMyNDMwMDQwNTg5MQ%3D%3D.3-ccb7-5&ccb=7-5&_nc_sid=58cdad&efg=eyJ2ZW5jb2RlX3RhZyI6InhwaWRzLjE0NDB4MTgwMC5zZHIuQzMifQ%3D%3D&_nc_ohc=sHG_7_XsdEEQ7kNvwHeLOJD&_nc_oc=AdqZd31AYIAyWp11mMhrDiyfJGuNjycCsfcU4qOthwzMfph_3asA3VMIlTKSryauu84&_nc_ad=z-m&_nc_cid=0&_nc_zt=23&_nc_ht=scontent-atl3-3.cdninstagram.com&_nc_gid=4IWBq6dWABGGAGVOyTbW_A&_nc_ss=7a32e&oh=00_Af27n9XlCm06j_137rGUcYShYXslmrSnCqEBjIF1qqBVWg&oe=69DEDEBD,3/13/2026,"Termos ganhado espaço nas rádios locais para democratizar informações sobre o Conecta 5° ed. prova que o networking é o ativo mais valioso do ecossistema de Rio Verde. A presença da @rcadria , @_laradutra , @tiarleycastro e @edivan.soouza na Rádio Líder e na @RioVerdeFM reforça que o projeto Conecta é a ferramenta definitiva para quem busca consolidar parcerias que geram expansão comercial.

O Conecta 5° ed. é a prova que a prática de #ConectarParaCrescer funciona como o alicerce fundamental para o fortalecimento da economia de Rio Verde. Com as vagas chegando ao limite e a procura em ritmo acelerado, garantir sua participação através do link na bio da #ACIRV é a melhor decisão para o empresário que deseja conduzir o próprio crescimento com base em alianças lucrativas.

Aqui, ninguém cresce isolado. A gente cresce conectado."
https://www.instagram.com/p/DV1a-y3jhLl,3,1,1119,clips,https://scontent-atl3-1.cdninstagram.com/o1/v/t16/f2/m69/AQO4oACcah9rNwD5TU45HPMj9cKvytelcOXBadTQ6q04MS4VNZM4m-eCHf70OGNyIuVpIZDk69AnN_m9iZHFh9vP.mp4?strext=1&_nc_cat=105&_nc_sid=5e9851&_nc_ht=scontent-atl3-1.cdninstagram.com&_nc_ohc=LX4StTdki3cQ7kNvwHOmlb-&efg=eyJ2ZW5jb2RlX3RhZyI6Inhwdl9wcm9ncmVzc2l2ZS5JTlNUQUdSQU0uQ0xJUFMuQzMuMTI4MC5kYXNoX2Jhc2VsaW5lXzFfdjEiLCJ4cHZfYXNzZXRfaWQiOjE4MzYzOTIyODk3MjA3ODM2LCJhc3NldF9hZ2VfZGF5cyI6MjcsInZpX3VzZWNhc2VfaWQiOjEwMDk5LCJkdXJhdGlvbl9zIjo4MSwidXJsZ2VuX3NvdXJjZSI6Ind3dyJ9&ccb=17-1&vs=ad8d9ea5bc7c3e73&_nc_vs=HBksFQIYOnBhc3N0aHJvdWdoX2V2ZXJzdG9yZS9HSEpwa1NiSzVDaDRCN3dQQUlsbFVkUVlYYXdSYnNwVEFRQUYVAALIARIAFQIYUWlnX3hwdl9wbGFjZW1lbnRfcGVybWFuZW50X3YyL0UxNDExQzQ4QUJFODA1Q0EzQzA0MjI4M0RCNDA4Mjg0X2F1ZGlvX2Rhc2hpbml0Lm1wNBUCAsgBEgAoABgAGwKIB3VzZV9vaWwBMRJwcm9ncmVzc2l2ZV9yZWNpcGUBMRUAACa4iMTP__ieQRUCKAJDMywXQFRafvnbItEYEmRhc2hfYmFzZWxpbmVfMV92MREAdf4HZeadAQA&_nc_gid=4IWBq6dWABGGAGVOyTbW_A&_nc_zt=28&_nc_ss=7a32e&oh=00_Af01HVc4B9OGbwGTjhFNr8Pxl338Eg377jesQL7qCbNKpg&oe=69DEC683,https://scontent-atl3-2.cdninstagram.com/v/t51.82787-15/654007022_18364492168207836_466619260515716885_n.jpg?stp=dst-jpg_e15_tt6&_nc_cat=102&ig_cache_key=Mzg1MjEwMzcyMDcyMTMyMjcyNTE4MzY0NDkyMTY1MjA3ODM2.3-ccb7-5&ccb=7-5&_nc_sid=58cdad&efg=eyJ2ZW5jb2RlX3RhZyI6InhwaWRzLjcyMHg0MDUuc2RyLkMzIn0%3D&_nc_ohc=ZlDBjudnrqQQ7kNvwFJ1apb&_nc_oc=Adr4C0uEhHe4ikzORnsz_DHKl4LjiCtJOu-ZrFTnSNWYrHasQqBwhaxoxOgurLkM83Q&_nc_ad=z-m&_nc_cid=0&_nc_zt=23&_nc_ht=scontent-atl3-2.cdninstagram.com&_nc_gid=4IWBq6dWABGGAGVOyTbW_A&_nc_ss=7a32e&oh=00_Af2EIIuqnJm-edt3CRM4ervLHaWX5g_g1Vh00RfiEUhd0g&oe=69DEE0F9,https://scontent-atl3-2.cdninstagram.com/v/t51.82787-15/654007022_18364492168207836_466619260515716885_n.jpg?stp=dst-jpg_e15_tt6&_nc_cat=102&ig_cache_key=Mzg1MjEwMzcyMDcyMTMyMjcyNTE4MzY0NDkyMTY1MjA3ODM2.3-ccb7-5&ccb=7-5&_nc_sid=58cdad&efg=eyJ2ZW5jb2RlX3RhZyI6InhwaWRzLjcyMHg0MDUuc2RyLkMzIn0%3D&_nc_ohc=ZlDBjudnrqQQ7kNvwFJ1apb&_nc_oc=Adr4C0uEhHe4ikzORnsz_DHKl4LjiCtJOu-ZrFTnSNWYrHasQqBwhaxoxOgurLkM83Q&_nc_ad=z-m&_nc_cid=0&_nc_zt=23&_nc_ht=scontent-atl3-2.cdninstagram.com&_nc_gid=4IWBq6dWABGGAGVOyTbW_A&_nc_ss=7a32e&oh=00_Af2EIIuqnJm-edt3CRM4ervLHaWX5g_g1Vh00RfiEUhd0g&oe=69DEE0F9,3/13/2026,"A expansão comercial ganha força imediata quando lideranças femininas se reúnem para estruturar alianças estratégicas e acelerar o fluxo de caixa. O networking corporativo funciona como o alicerce fundamental para a consolidação no mercado, e é com este foco analítico que conduziremos o Jantar de Negócios do conselho ACIRV Mulher, no dia 19 de março, às 19h30, no Espaço Carlos Vieira.

O fortalecimento prático da economia de Rio Verde através deste Jantar de Negócios comprova que #ConectarParaCrescer funciona como um método seguro de escalabilidade empresarial. Os detalhes e o investimento podem ser acessados diretamente no link da nossa bio.

Aqui, ninguém cresce isolado. A gente cresce conectado."
https://www.instagram.com/p/DVzHQAREfDs,3,0,0,carousel_container,,https://scontent-atl3-1.cdninstagram.com/v/t51.82787-15/651969219_18363775534207836_1773275787318994746_n.heic?stp=dst-jpg_e35_tt6&_nc_cat=105&ig_cache_key=Mzg1MTQ1MzExOTQ1MzAzMjY5NQ%3D%3D.3-ccb7-5&ccb=7-5&_nc_sid=58cdad&efg=eyJ2ZW5jb2RlX3RhZyI6InhwaWRzLjE0Mzl4OTU5LnNkci5DMyJ9&_nc_ohc=80GYnT3XPmkQ7kNvwFFh4jA&_nc_oc=AdpTgNKLSsTuTUoHggJhlApiihu-A5UU4dknzhYucl1_DC_j6YYZElpfg4S9DKfJkAQ&_nc_ad=z-m&_nc_cid=0&_nc_zt=23&_nc_ht=scontent-atl3-1.cdninstagram.com&_nc_gid=4IWBq6dWABGGAGVOyTbW_A&_nc_ss=7a32e&oh=00_Af17u7OQFerRUdN-LHrE1PLxV4GZFVJ6BDDhfrLjvLwndA&oe=69DEADCD,https://scontent-atl3-1.cdninstagram.com/v/t51.82787-15/651969219_18363775534207836_1773275787318994746_n.heic?stp=dst-jpg_e35_tt6&_nc_cat=105&ig_cache_key=Mzg1MTQ1MzExOTQ1MzAzMjY5NQ%3D%3D.3-ccb7-5&ccb=7-5&_nc_sid=58cdad&efg=eyJ2ZW5jb2RlX3RhZyI6InhwaWRzLjE0Mzl4OTU5LnNkci5DMyJ9&_nc_ohc=80GYnT3XPmkQ7kNvwFFh4jA&_nc_oc=AdpTgNKLSsTuTUoHggJhlApiihu-A5UU4dknzhYucl1_DC_j6YYZElpfg4S9DKfJkAQ&_nc_ad=z-m&_nc_cid=0&_nc_zt=23&_nc_ht=scontent-atl3-1.cdninstagram.com&_nc_gid=4IWBq6dWABGGAGVOyTbW_A&_nc_ss=7a32e&oh=00_Af17u7OQFerRUdN-LHrE1PLxV4GZFVJ6BDDhfrLjvLwndA&oe=69DEADCD,3/12/2026,"O avanço do nosso mercado acelera quando o setor produtivo e o poder público compartilham a mesma visão de futuro. Apresentar o projeto da #Sudoexpo2026 ao presidente da Câmara Municipal, Cabo Moraes, fortalece as bases para os próximos passos da nossa economia.

Esse diálogo direto atesta a força do #ConectarParaCrescer como um método estratégico e prático da #ACIRV. É somando a experiência da nossa tradição comercial com ferramentas voltadas para a inovação e a força do poder público que conseguimos construir um ambiente seguro para a expansão dos negócios em Rio Verde.

Aqui, ninguém cresce isolado. A gente cresce conectado."
https://www.instagram.com/p/DVzExuzkZyU,3,1,914,clips,https://scontent-atl3-3.cdninstagram.com/o1/v/t16/f2/m69/AQOSTkd_Xwnh-937vTEXZW-Jq2DufsXFaXj2fsNq6QCC4TSxrokGV54H1zG6Nf3hcfdUvQCu7_vRe87lRrSW2UaO.mp4?strext=1&_nc_cat=111&_nc_sid=5e9851&_nc_ht=scontent-atl3-3.cdninstagram.com&_nc_ohc=3BwyObdnK4sQ7kNvwFN1gw3&efg=eyJ2ZW5jb2RlX3RhZyI6Inhwdl9wcm9ncmVzc2l2ZS5JTlNUQUdSQU0uQ0xJUFMuQzMuMTI4MC5kYXNoX2Jhc2VsaW5lXzFfdjEiLCJ4cHZfYXNzZXRfaWQiOjE4MzYzNzc0MDYxMjA3ODM2LCJhc3NldF9hZ2VfZGF5cyI6MjgsInZpX3VzZWNhc2VfaWQiOjEwMDk5LCJkdXJhdGlvbl9zIjo3OCwidXJsZ2VuX3NvdXJjZSI6Ind3dyJ9&ccb=17-1&vs=45dad81c038fe5f8&_nc_vs=HBksFQIYOnBhc3N0aHJvdWdoX2V2ZXJzdG9yZS9HQkI4c2lZLV8xT0pFX3dLQUI3aXM1TXN5MzlGYnNwVEFRQUYVAALIARIAFQIYUWlnX3hwdl9wbGFjZW1lbnRfcGVybWFuZW50X3YyLzkxNEVBNjQ0NkYxMjFCNUVGNTNGQzE1RjAxRjE0REE3X2F1ZGlvX2Rhc2hpbml0Lm1wNBUCAsgBEgAoABgAGwKIB3VzZV9vaWwBMRJwcm9ncmVzc2l2ZV9yZWNpcGUBMRUAACa4hLvaqvCeQRUCKAJDMywXQFOYMSbpeNUYEmRhc2hfYmFzZWxpbmVfMV92MREAdf4HZeadAQA&_nc_gid=4IWBq6dWABGGAGVOyTbW_A&_nc_zt=28&_nc_ss=7a32e&oh=00_Af2bCcJ8R-bCSpMvF6IRQ8-kW5YsaoznIfX9DCK8Fnvr2Q&oe=69DEC53D,https://scontent-atl3-3.cdninstagram.com/v/t51.82787-15/650337416_18363774424207836_7011987605336165772_n.jpg?stp=dst-jpg_e15_tt6&_nc_cat=108&ig_cache_key=Mzg1MTQ0MzExNjAyOTYxNTI1MjE4MzYzNzc0NDIxMjA3ODM2.3-ccb7-5&ccb=7-5&_nc_sid=58cdad&efg=eyJ2ZW5jb2RlX3RhZyI6InhwaWRzLjU0MHg5NjAuc2RyLkMzIn0%3D&_nc_ohc=LE4MCqFThYUQ7kNvwGS5FR7&_nc_oc=AdrsVPlP6ej1V0bjRF9QkeAxIvoeO2iz7oJpAqkb7UbHJJgro3FuPnROW5d9pMCziI8&_nc_ad=z-m&_nc_cid=0&_nc_zt=23&_nc_ht=scontent-atl3-3.cdninstagram.com&_nc_gid=4IWBq6dWABGGAGVOyTbW_A&_nc_ss=7a32e&oh=00_Af0ebI-gCj4-n9wssmCkxzvHnO6Uzm3vBhC7NjBd65BAJg&oe=69DEB1BF,https://scontent-atl3-3.cdninstagram.com/v/t51.82787-15/650337416_18363774424207836_7011987605336165772_n.jpg?stp=dst-jpg_e15_tt6&_nc_cat=108&ig_cache_key=Mzg1MTQ0MzExNjAyOTYxNTI1MjE4MzYzNzc0NDIxMjA3ODM2.3-ccb7-5&ccb=7-5&_nc_sid=58cdad&efg=eyJ2ZW5jb2RlX3RhZyI6InhwaWRzLjU0MHg5NjAuc2RyLkMzIn0%3D&_nc_ohc=LE4MCqFThYUQ7kNvwGS5FR7&_nc_oc=AdrsVPlP6ej1V0bjRF9QkeAxIvoeO2iz7oJpAqkb7UbHJJgro3FuPnROW5d9pMCziI8&_nc_ad=z-m&_nc_cid=0&_nc_zt=23&_nc_ht=scontent-atl3-3.cdninstagram.com&_nc_gid=4IWBq6dWABGGAGVOyTbW_A&_nc_ss=7a32e&oh=00_Af0ebI-gCj4-n9wssmCkxzvHnO6Uzm3vBhC7NjBd65BAJg&oe=69DEB1BF,3/12/2026,"A marca de R$ 4 milhões em negócios fechados por 196 líderes prova que o networking estratégico é o alicerce da nossa economia. Em entrevista à @tvsucessoband, nossa organizadora @_laradutra detalha o ""como funciona"" da 5ª edição do Conecta, que inicia a temporada 2026 no dia 26 de março, às 19h.

O encontro consolida a visão de que #ConectarParaCrescer é um método prático de expansão comercial. Ao ocupar uma das restritas 49 cadeiras do auditório, o empreendedor foca em construir alianças que geram negócios.

Com a demanda em alta as vagas acabam rápido e o link de acesso já foi liberado na bio do Instagram da #ACIRV. Mantenha o radar ativo para garantir sua posição nesta mesa de negociações.

Aqui, ninguém cresce isolado. A gente cresce conectado."
https://www.instagram.com/p/DVzEjlJEV74,3,0,0,carousel_container,,https://scontent-atl3-3.cdninstagram.com/v/t51.82787-15/651029654_18363773440207836_1459659736000492658_n.jpg?stp=dst-jpegr_e35_tt6&_nc_cat=109&ig_cache_key=Mzg1MTQzOTkyMDEyMDkzMDI4NA%3D%3D.3-ccb7-5&ccb=7-5&_nc_sid=58cdad&efg=eyJ2ZW5jb2RlX3RhZyI6InhwaWRzLjE0NDB4MTQ0MC5oZHIuQzMifQ%3D%3D&_nc_ohc=QM513H6324UQ7kNvwGFy82f&_nc_oc=AdrhBCYVKB6qRi03gRqABJ1xyxR2iH8ZFP6CrjJIhYpZnc-QUgr-HS7h078dqRFQQzY&_nc_ad=z-m&_nc_cid=0&_nc_zt=23&_nc_ht=scontent-atl3-3.cdninstagram.com&_nc_gid=4IWBq6dWABGGAGVOyTbW_A&_nc_ss=7a32e&oh=00_Af2Xp2d1TROQ1R0dgGiZwJv_5q7JFoZEjGRkg7NlsXS3kQ&oe=69DEBA83,https://scontent-atl3-3.cdninstagram.com/v/t51.82787-15/651029654_18363773440207836_1459659736000492658_n.jpg?stp=dst-jpegr_e35_tt6&_nc_cat=109&ig_cache_key=Mzg1MTQzOTkyMDEyMDkzMDI4NA%3D%3D.3-ccb7-5&ccb=7-5&_nc_sid=58cdad&efg=eyJ2ZW5jb2RlX3RhZyI6InhwaWRzLjE0NDB4MTQ0MC5oZHIuQzMifQ%3D%3D&_nc_ohc=QM513H6324UQ7kNvwGFy82f&_nc_oc=AdrhBCYVKB6qRi03gRqABJ1xyxR2iH8ZFP6CrjJIhYpZnc-QUgr-HS7h078dqRFQQzY&_nc_ad=z-m&_nc_cid=0&_nc_zt=23&_nc_ht=scontent-atl3-3.cdninstagram.com&_nc_gid=4IWBq6dWABGGAGVOyTbW_A&_nc_ss=7a32e&oh=00_Af2Xp2d1TROQ1R0dgGiZwJv_5q7JFoZEjGRkg7NlsXS3kQ&oe=69DEBA83,3/12/2026,"O crescimento ascendente e os bons resultados indicados pelas métricas de fevereiro comprovam que uma gestão de excelência se constrói com dados estruturados e execução contínua. O alinhamento analítico da nossa diretoria focada em resultados na reunião de hoje (12/03), reflete exatamente essa precisão.

A soma da tradição das nossas raízes corporativas e as novas estratégias aplicadas pelos profissionais da #ACIRV garante a expansão da nossa associação de forma sustentável. O empenho dos excelentes profissionais na condução da ACIRV evidencia na prática a aplicação do #ConectarParaCrescer como um método seguro para fortalecer quem fortalece o empreendedor de Rio Verde.

Aqui, ninguém cresce isolado. A gente cresce conectado."
https://www.instagram.com/p/DVzC0qaEfK2,3,2,0,feed,,https://scontent-dfw5-1.cdninstagram.com/v/t51.82787-15/651053277_18363772648207836_975205355760889252_n.heic?stp=dst-jpg_e35_tt6&_nc_cat=105&ig_cache_key=Mzg1MTQzNDUyMTM3MjI1ODk5OA%3D%3D.3-ccb7-5&ccb=7-5&_nc_sid=58cdad&efg=eyJ2ZW5jb2RlX3RhZyI6InhwaWRzLjE0NDB4MTgwMC5zZHIuQzMifQ%3D%3D&_nc_ohc=-tL--du-okkQ7kNvwGHI63p&_nc_oc=AdoBxFLMW0wButxZf-S3esETXKHoDgg2vYM4JTod8VJsRrA2TUFmFO-lhgnJO8xkp_4&_nc_ad=z-m&_nc_cid=0&_nc_zt=23&_nc_ht=scontent-dfw5-1.cdninstagram.com&_nc_gid=vZGOw4DfsZ7I9oy31KLLrA&_nc_ss=7a32e&oh=00_Af0GrOa7lXS3Zj97JIyXM8GG0jIryMKrXWSGGF88O6Xx4w&oe=69DED99A,https://scontent-dfw5-1.cdninstagram.com/v/t51.82787-15/651053277_18363772648207836_975205355760889252_n.heic?stp=dst-jpg_e35_tt6&_nc_cat=105&ig_cache_key=Mzg1MTQzNDUyMTM3MjI1ODk5OA%3D%3D.3-ccb7-5&ccb=7-5&_nc_sid=58cdad&efg=eyJ2ZW5jb2RlX3RhZyI6InhwaWRzLjE0NDB4MTgwMC5zZHIuQzMifQ%3D%3D&_nc_ohc=-tL--du-okkQ7kNvwGHI63p&_nc_oc=AdoBxFLMW0wButxZf-S3esETXKHoDgg2vYM4JTod8VJsRrA2TUFmFO-lhgnJO8xkp_4&_nc_ad=z-m&_nc_cid=0&_nc_zt=23&_nc_ht=scontent-dfw5-1.cdninstagram.com&_nc_gid=vZGOw4DfsZ7I9oy31KLLrA&_nc_ss=7a32e&oh=00_Af0GrOa7lXS3Zj97JIyXM8GG0jIryMKrXWSGGF88O6Xx4w&oe=69DED99A,3/12/2026,"A consolidação de um de negócio forte exige buscar estratégias precisas para criar alianças comerciais. Para mapear o volume de oportunidades da 5ª edição do Conecta, a especialista @rcadria e Edivan conduzirão um diagnóstico nos microfones da @rioverde.fm, nesta sexta-feira, às 7h30.

Detalhar o ""como funciona"" da mesa de networking do Conecta na rádio reforça que #ConectarParaCrescer é o método estrutural da #ACIRV para fortalecer o empreendedorimo local. Compreender essa dinâmica capacita o empreendedor a construir novas rotas de lucro e a repensar seu networking no mercado de Rio Verde.

Aqui, ninguém cresce isolado. A gente cresce conectado."
https://www.instagram.com/p/DVzBcIska_T,3,1,0,carousel_container,,https://scontent-dfw5-2.cdninstagram.com/v/t51.82787-15/650143316_18363771406207836_2907928943325012251_n.heic?stp=dst-jpg_e35_tt6&_nc_cat=108&ig_cache_key=Mzg1MTQyNzUwMTQ0MTA5OTEyNw%3D%3D.3-ccb7-5&ccb=7-5&_nc_sid=58cdad&efg=eyJ2ZW5jb2RlX3RhZyI6InhwaWRzLjE0NDB4MTkyMC5zZHIuQzMifQ%3D%3D&_nc_ohc=NY_C7XVmLIoQ7kNvwGoO3QR&_nc_oc=AdrHCMQW6Mr1BXB1frw_dDlMrGea4UGs7GysSiYxNxfsT3Xtw1M-7enfvkVJQQwGdCM&_nc_ad=z-m&_nc_cid=0&_nc_zt=23&_nc_ht=scontent-dfw5-2.cdninstagram.com&_nc_gid=vZGOw4DfsZ7I9oy31KLLrA&_nc_ss=7a32e&oh=00_Af1HtqJPWkVt6iVFppqGQh-T9DSySNVYeGpk4RNurvlY_w&oe=69DEB759,https://scontent-dfw5-2.cdninstagram.com/v/t51.82787-15/650143316_18363771406207836_2907928943325012251_n.heic?stp=dst-jpg_e35_tt6&_nc_cat=108&ig_cache_key=Mzg1MTQyNzUwMTQ0MTA5OTEyNw%3D%3D.3-ccb7-5&ccb=7-5&_nc_sid=58cdad&efg=eyJ2ZW5jb2RlX3RhZyI6InhwaWRzLjE0NDB4MTkyMC5zZHIuQzMifQ%3D%3D&_nc_ohc=NY_C7XVmLIoQ7kNvwGoO3QR&_nc_oc=AdrHCMQW6Mr1BXB1frw_dDlMrGea4UGs7GysSiYxNxfsT3Xtw1M-7enfvkVJQQwGdCM&_nc_ad=z-m&_nc_cid=0&_nc_zt=23&_nc_ht=scontent-dfw5-2.cdninstagram.com&_nc_gid=vZGOw4DfsZ7I9oy31KLLrA&_nc_ss=7a32e&oh=00_Af1HtqJPWkVt6iVFppqGQh-T9DSySNVYeGpk4RNurvlY_w&oe=69DEB759,3/12/2026,"O fortalecimento do ecossistema empresarial de Rio Verde exige uma equipe que esteja sempre atualizada das novas tendências associativas.

Durante imersão intensiva no 5º Congresso da @facieg.goias, nosso time reafirmou a parcerias e absorveu novas táticas de gestão para elevar o padrão de entrega aos associados da #ACIRV.

A busca das nossas colaboradoras por capacitação técnica através do oportunidade apresentada pela @facieg.goias atesta que a premissa de #ConectarParaCrescer atua como um método prático de evolução institucional. Ao integrar esse ambiente de networking e inteligência de negócios entre os dias 6 e 8 de março, garantimos que o nosso atendimento una a agilidade das novas ferramentas apresentadas pela FACIEG com o alicerce que dá base a nossa tradição.

Obrigado @kelly.leandro1 e @facieg.goias por esta incrível oportunidade de estar presente neste congresso.

Aqui, ninguém cresce isolado. A gente cresce conectado."
https://www.instagram.com/p/DVyYxkBgB5w,49,6,1691,clips,https://scontent-dfw5-1.cdninstagram.com/o1/v/t16/f2/m69/AQOTBbu_BOOdIoCB_v2zVGt4e2fjaihZeTKYb3J7b52eo7mes72djc0E1Ew0wP61fRT4_ghy9XaV7S1Aw2Ym5e6K.mp4?strext=1&_nc_cat=105&_nc_sid=5e9851&_nc_ht=scontent-dfw5-1.cdninstagram.com&_nc_ohc=GCdeWiread4Q7kNvwFYDk8X&efg=eyJ2ZW5jb2RlX3RhZyI6Inhwdl9wcm9ncmVzc2l2ZS5JTlNUQUdSQU0uQ0xJUFMuQzMuNDgwLmRhc2hfYmFzZWxpbmVfMV92MSIsInhwdl9hc3NldF9pZCI6MTc5MTEzOTAyMTIzNDMzNDMsImFzc2V0X2FnZV9kYXlzIjoyOCwidmlfdXNlY2FzZV9pZCI6MTAwOTksImR1cmF0aW9uX3MiOjM2LCJ1cmxnZW5fc291cmNlIjoid3d3In0%3D&ccb=17-1&vs=22030571066c650e&_nc_vs=HBksFQIYOnBhc3N0aHJvdWdoX2V2ZXJzdG9yZS9HSHdudVNiSzBCdTR5YzBGQURZTTFsVXYyVkJoYnNwVEFRQUYVAALIARIAFQIYUWlnX3hwdl9wbGFjZW1lbnRfcGVybWFuZW50X3YyLzUxNDJEMzVBMDY2QjNDQUQyN0I1MDQ4QTBCNzE3NjlFX2F1ZGlvX2Rhc2hpbml0Lm1wNBUCAsgBEgAoABgAGwKIB3VzZV9vaWwBMRJwcm9ncmVzc2l2ZV9yZWNpcGUBMRUAACbemNKwkJTRPxUCKAJDMywXQEIVP3ztkWgYEmRhc2hfYmFzZWxpbmVfMV92MREAdf4HZeadAQA&_nc_gid=vZGOw4DfsZ7I9oy31KLLrA&_nc_ss=7a32e&_nc_zt=28&oh=00_Af05oveLonOcG2qt2S6ZTHctoGsVLl_Lw56cM6FIypyVOA&oe=69DED367,https://scontent-dfw6-1.cdninstagram.com/v/t51.71878-15/650229544_1265447744957588_3002680208104760873_n.jpg?stp=dst-jpg_e15_tt6&_nc_cat=106&ig_cache_key=Mzg1MTI0OTU5MDQwNTcwMTIzMg%3D%3D.3-ccb7-5&ccb=7-5&_nc_sid=58cdad&efg=eyJ2ZW5jb2RlX3RhZyI6InhwaWRzLjY0MHgxMTM4LnNkci5DMyJ9&_nc_ohc=C893Hwbo9lIQ7kNvwEs-BOB&_nc_oc=Adp5TttHJfhQ1Y5qaHJtNPelEc_LiG_E3jpahgVbM6bJfTIZza6rUYKk7bvwnwj4FAE&_nc_ad=z-m&_nc_cid=0&_nc_zt=23&_nc_ht=scontent-dfw6-1.cdninstagram.com&_nc_gid=vZGOw4DfsZ7I9oy31KLLrA&_nc_ss=7a32e&oh=00_Af0hnlsfjT2JD4XrZFm7bBXbScfZRBZTFZpPRyI7IKSIBA&oe=69DEBA7A,https://scontent-dfw6-1.cdninstagram.com/v/t51.71878-15/650229544_1265447744957588_3002680208104760873_n.jpg?stp=dst-jpg_e15_tt6&_nc_cat=106&ig_cache_key=Mzg1MTI0OTU5MDQwNTcwMTIzMg%3D%3D.3-ccb7-5&ccb=7-5&_nc_sid=58cdad&efg=eyJ2ZW5jb2RlX3RhZyI6InhwaWRzLjY0MHgxMTM4LnNkci5DMyJ9&_nc_ohc=C893Hwbo9lIQ7kNvwEs-BOB&_nc_oc=Adp5TttHJfhQ1Y5qaHJtNPelEc_LiG_E3jpahgVbM6bJfTIZza6rUYKk7bvwnwj4FAE&_nc_ad=z-m&_nc_cid=0&_nc_zt=23&_nc_ht=scontent-dfw6-1.cdninstagram.com&_nc_gid=vZGOw4DfsZ7I9oy31KLLrA&_nc_ss=7a32e&oh=00_Af0hnlsfjT2JD4XrZFm7bBXbScfZRBZTFZpPRyI7IKSIBA&oe=69DEBA7A,3/12/2026,"CONVITE ESPECIAL! 

Vem para o StertupDAY em Rio Verde! 
Será dia 21/03 a partir das 08h lá no @hubrioverde!!!

Link tá na bio! Vai ter startup vai ter IA, vai ter robótica …. Vai ter palestras, oficinas, painel!!!! 

Só vem! 
Palavra da nossa presidente do Inova Rio Verde! @janainemarquez 

#empreenderrioverde #inovarioverde #startupday"
https://www.instagram.com/p/DVyMfleDWvM,3,1,0,carousel_container,,https://scontent-dfw5-2.cdninstagram.com/v/t51.82787-15/651008006_18363703678207836_441548566841684532_n.heic?stp=dst-jpg_e35_tt6&_nc_cat=100&ig_cache_key=Mzg1MTE5NDEzNDgyMDY2MjM0NA%3D%3D.3-ccb7-5&ccb=7-5&_nc_sid=58cdad&efg=eyJ2ZW5jb2RlX3RhZyI6InhwaWRzLjE0Mzh4OTU3LnNkci5DMyJ9&_nc_ohc=pcP3osFssKAQ7kNvwHMvF7z&_nc_oc=Adqk_gvoRvz6F_XpdhcT-mJotN2dtuIE8I3AuAyN7W8Vs04V0PLUuBjCfkHC7AR9T5g&_nc_ad=z-m&_nc_cid=0&_nc_zt=23&_nc_ht=scontent-dfw5-2.cdninstagram.com&_nc_gid=vZGOw4DfsZ7I9oy31KLLrA&_nc_ss=7a32e&oh=00_Af0oGjZX4gl8Ron2rF5y-zrk5-1c1IgugALr_RN62ubKJw&oe=69DEDA2E,https://scontent-dfw5-2.cdninstagram.com/v/t51.82787-15/651008006_18363703678207836_441548566841684532_n.heic?stp=dst-jpg_e35_tt6&_nc_cat=100&ig_cache_key=Mzg1MTE5NDEzNDgyMDY2MjM0NA%3D%3D.3-ccb7-5&ccb=7-5&_nc_sid=58cdad&efg=eyJ2ZW5jb2RlX3RhZyI6InhwaWRzLjE0Mzh4OTU3LnNkci5DMyJ9&_nc_ohc=pcP3osFssKAQ7kNvwHMvF7z&_nc_oc=Adqk_gvoRvz6F_XpdhcT-mJotN2dtuIE8I3AuAyN7W8Vs04V0PLUuBjCfkHC7AR9T5g&_nc_ad=z-m&_nc_cid=0&_nc_zt=23&_nc_ht=scontent-dfw5-2.cdninstagram.com&_nc_gid=vZGOw4DfsZ7I9oy31KLLrA&_nc_ss=7a32e&oh=00_Af0oGjZX4gl8Ron2rF5y-zrk5-1c1IgugALr_RN62ubKJw&oe=69DEDA2E,3/12/2026,"A redução de quatro anos para apenas 75 dias na devolução de créditos sobre maquinários redefine a competitividade do setor produtivo. Atuando de forma propositiva nos debates da FIEG via nosso vice-presidente, @eng.gustavo.lacerda , a #ACIRV traduz os impactos práticos da #ReformaTributária para o nosso ecossistema.

A transição para o IVA Dual garante crédito pleno na fatura de energia e condiciona o desenvolvimento da agroindústria de #RioVerde à nova tecnologia do Split Payment, automatizando processos para preservar a saúde do fluxo de caixa. Antecipar essas pautas estruturais prova que #ConectarParaCrescer opera como um método estratégico de expansão comercial.

Somamos o alicerce histórico do nosso empreendedorismo às inovações fiscais e tecnológicas, habilitando os associados a conduzir investimentos com previsibilidade e segurança mercadológica em Goiás.

Aqui, ninguém cresce isolado. A gente cresce conectado."
https://www.instagram.com/p/DVyDSuyDY10,3,1,0,feed,,https://scontent-dfw6-1.cdninstagram.com/v/t51.82787-15/651012362_18363696853207836_378414739192864130_n.heic?stp=dst-jpg_e35_tt6&_nc_cat=101&ig_cache_key=Mzg1MTE1NTExMjY3NzE4MjgzNg%3D%3D.3-ccb7-5&ccb=7-5&_nc_sid=58cdad&efg=eyJ2ZW5jb2RlX3RhZyI6InhwaWRzLjE0Mzl4OTU5LnNkci5DMyJ9&_nc_ohc=w8LvMCiEaLcQ7kNvwHrbyxu&_nc_oc=AdoZePjLUrpWpfhVk6AqB6UYdIx5qP7vudMsL_rd736cJkrTgeL3u_rQveCSNhy4Py8&_nc_ad=z-m&_nc_cid=0&_nc_zt=23&_nc_ht=scontent-dfw6-1.cdninstagram.com&_nc_gid=vZGOw4DfsZ7I9oy31KLLrA&_nc_ss=7a32e&oh=00_Af38Y6sSuuAIwB3Zl9xPjkoJp3mxB779-HXEoFxsPLOyLA&oe=69DEAB99,https://scontent-dfw6-1.cdninstagram.com/v/t51.82787-15/651012362_18363696853207836_378414739192864130_n.heic?stp=dst-jpg_e35_tt6&_nc_cat=101&ig_cache_key=Mzg1MTE1NTExMjY3NzE4MjgzNg%3D%3D.3-ccb7-5&ccb=7-5&_nc_sid=58cdad&efg=eyJ2ZW5jb2RlX3RhZyI6InhwaWRzLjE0Mzl4OTU5LnNkci5DMyJ9&_nc_ohc=w8LvMCiEaLcQ7kNvwHrbyxu&_nc_oc=AdoZePjLUrpWpfhVk6AqB6UYdIx5qP7vudMsL_rd736cJkrTgeL3u_rQveCSNhy4Py8&_nc_ad=z-m&_nc_cid=0&_nc_zt=23&_nc_ht=scontent-dfw6-1.cdninstagram.com&_nc_gid=vZGOw4DfsZ7I9oy31KLLrA&_nc_ss=7a32e&oh=00_Af38Y6sSuuAIwB3Zl9xPjkoJp3mxB779-HXEoFxsPLOyLA&oe=69DEAB99,3/12/2026,"O alicerce de um ecossistema econômico robusto se constrói com a presença constante nos fóruns de decisão que moldam o mercado. A participação institucional da #ACIRV na Assembleia Geral do Sicoob Empresarial consolida uma aliança estratégica vital para a região. 

Quando a #ACIRV se posiciona ativamente ao lado do @Sicoobempresarialoficial, o propósito é viabilizar soluções financeiras concretas e fortalecer o crédito empresarial. Essa renovação de parceria demonstra como a diretriz de #ConectarParaCrescer opera como um método focado na expansão dos negócios locais, integrando a nossa sólida tradição associativista às ferramentas mais modernas de fomento e gestão. 

Aqui, ninguém cresce isolado. A gente cresce conectado."
https://www.instagram.com/p/DVt8hkiEaW-,3,0,0,feed,,https://scontent-dfw5-2.cdninstagram.com/v/t51.82787-15/650230408_18363481705207836_7100424732322563097_n.heic?stp=dst-jpg_e35_tt6&_nc_cat=108&ig_cache_key=Mzg0OTk5OTQ0NjIzMTMyODE5MA%3D%3D.3-ccb7-5&ccb=7-5&_nc_sid=58cdad&efg=eyJ2ZW5jb2RlX3RhZyI6InhwaWRzLjE0NDB4MTgwMC5zZHIuQzMifQ%3D%3D&_nc_ohc=EKnna7lae8AQ7kNvwH-HJDz&_nc_oc=Adqz4xSlj-jjkIaKqYNmP1qrrA_qG6aJb_3NV3jCMVPocHvsMW6n9LmBd4cUEXqXzHU&_nc_ad=z-m&_nc_cid=0&_nc_zt=23&_nc_ht=scontent-dfw5-2.cdninstagram.com&_nc_gid=vZGOw4DfsZ7I9oy31KLLrA&_nc_ss=7a32e&oh=00_Af0zQqbD8nFbOgEJ-YABDGdB54c871HVCCLhHpwps2LFww&oe=69DEB611,https://scontent-dfw5-2.cdninstagram.com/v/t51.82787-15/650230408_18363481705207836_7100424732322563097_n.heic?stp=dst-jpg_e35_tt6&_nc_cat=108&ig_cache_key=Mzg0OTk5OTQ0NjIzMTMyODE5MA%3D%3D.3-ccb7-5&ccb=7-5&_nc_sid=58cdad&efg=eyJ2ZW5jb2RlX3RhZyI6InhwaWRzLjE0NDB4MTgwMC5zZHIuQzMifQ%3D%3D&_nc_ohc=EKnna7lae8AQ7kNvwH-HJDz&_nc_oc=Adqz4xSlj-jjkIaKqYNmP1qrrA_qG6aJb_3NV3jCMVPocHvsMW6n9LmBd4cUEXqXzHU&_nc_ad=z-m&_nc_cid=0&_nc_zt=23&_nc_ht=scontent-dfw5-2.cdninstagram.com&_nc_gid=vZGOw4DfsZ7I9oy31KLLrA&_nc_ss=7a32e&oh=00_Af0zQqbD8nFbOgEJ-YABDGdB54c871HVCCLhHpwps2LFww&oe=69DEB611,3/10/2026,"A correria do dia a dia nos impede de perceber a falta de um fluxo de caixa estruturado, o que gera risco para o lucro da operação de um MEI. É este cenário que vamos estudar e corrigir na oficina gratuita Descomplica MEI, agendada para 17 de Março, na terça-feira, às 19h, em nossa sede. 

Durante a execução deste treinamento, você vai repensar a matemática do seu serviço, mensurar o lucro das suas vendas com previsibilidade e conduzir as informações da sua declaração anual com precisão técnica. 

A parceria do @sebraegoias com a #ACIRV, essa capacitação em gestão financeira com segurança e dados e o networking com os alunos #ACIRVLovers comprova que #ConectarParaCrescer é o método definitivo para garantir a consolidação das empresas que formam o ecossistema da #ACIRV.

Se inscreva pelo link na bio.

Aqui, ninguém cresce isolado. A gente cresce conectado."
https://www.instagram.com/p/DVt4rj2EUji,3,0,0,feed,,https://scontent-dfw6-1.cdninstagram.com/v/t51.82787-15/649233655_18363478885207836_4457919745612616114_n.heic?stp=dst-jpg_e35_tt6&_nc_cat=102&ig_cache_key=Mzg0OTk4MjU0MDUwMTgyOTg1OA%3D%3D.3-ccb7-5&ccb=7-5&_nc_sid=58cdad&efg=eyJ2ZW5jb2RlX3RhZyI6InhwaWRzLjE0NDB4MTgwMC5zZHIuQzMifQ%3D%3D&_nc_ohc=FLDlpqwdVIsQ7kNvwHkmhA8&_nc_oc=AdolpcHv3NZ1z87kLeVavaGulwbmzjVKwfB2C_UrcvIcpJ6QCKO_IglXVByN7-qUGq8&_nc_ad=z-m&_nc_cid=0&_nc_zt=23&_nc_ht=scontent-dfw6-1.cdninstagram.com&_nc_gid=vZGOw4DfsZ7I9oy31KLLrA&_nc_ss=7a32e&oh=00_Af1Nm3EFRCh_5ScW3vcLmhrc_otz2likNkc3RwNZiXt2hw&oe=69DEBCC5,https://scontent-dfw6-1.cdninstagram.com/v/t51.82787-15/649233655_18363478885207836_4457919745612616114_n.heic?stp=dst-jpg_e35_tt6&_nc_cat=102&ig_cache_key=Mzg0OTk4MjU0MDUwMTgyOTg1OA%3D%3D.3-ccb7-5&ccb=7-5&_nc_sid=58cdad&efg=eyJ2ZW5jb2RlX3RhZyI6InhwaWRzLjE0NDB4MTgwMC5zZHIuQzMifQ%3D%3D&_nc_ohc=FLDlpqwdVIsQ7kNvwHkmhA8&_nc_oc=AdolpcHv3NZ1z87kLeVavaGulwbmzjVKwfB2C_UrcvIcpJ6QCKO_IglXVByN7-qUGq8&_nc_ad=z-m&_nc_cid=0&_nc_zt=23&_nc_ht=scontent-dfw6-1.cdninstagram.com&_nc_gid=vZGOw4DfsZ7I9oy31KLLrA&_nc_ss=7a32e&oh=00_Af1Nm3EFRCh_5ScW3vcLmhrc_otz2likNkc3RwNZiXt2hw&oe=69DEBCC5,3/10/2026,"O alicerce de um networking de alto impacto começa com o entendimento claro das oportunidades presentes no ecossistema empresarial. Para mapear o potencial de negócios fechados da 5ª edição do Conecta, @_laradutra conduzirá uma análise profunda nos microfones da @lider95fm , nesta quarta-feira, às 7h30.

A @_laradutra estar presenta na Rádio para compartilhar essa mais informações sobre esta oportunidade reforça que #ConectarParaCrescer é o método estratégico adotado pela #ACIRV para garantir a consolidação e crescimento dos empreendedores de Rio Verde.

Aqui, ninguém cresce isolado. A gente cresce conectado."
https://www.instagram.com/p/DVtJ1NHjc0_,3,0,0,feed,,https://scontent-dfw5-2.cdninstagram.com/v/t51.82787-15/648684246_18362879572207836_6346901405154330991_n.jpg?stp=dst-jpg_e35_tt6&_nc_cat=107&ig_cache_key=Mzg0OTc3NjQ5NTEwNzg4NjM5OQ%3D%3D.3-ccb7-5&ccb=7-5&_nc_sid=58cdad&efg=eyJ2ZW5jb2RlX3RhZyI6InhwaWRzLjEzNTB4MTY4OC5zZHIuQzMifQ%3D%3D&_nc_ohc=U_aDKSw4iUQQ7kNvwE2hSaC&_nc_oc=Adol5kT33z85_NbBcWInZN5Wq6KBpvbpSE3TTw4FjN8pmgOwZ4sSPmztFqHOgghQ2A4&_nc_ad=z-m&_nc_cid=0&_nc_zt=23&_nc_ht=scontent-dfw5-2.cdninstagram.com&_nc_gid=vZGOw4DfsZ7I9oy31KLLrA&_nc_ss=7a32e&oh=00_Af250wvdIvdphKh-9GVL-ICFIf1YI5h7o2__8Ngfc4Q6LA&oe=69DECFB0,https://scontent-dfw5-2.cdninstagram.com/v/t51.82787-15/648684246_18362879572207836_6346901405154330991_n.jpg?stp=dst-jpg_e35_tt6&_nc_cat=107&ig_cache_key=Mzg0OTc3NjQ5NTEwNzg4NjM5OQ%3D%3D.3-ccb7-5&ccb=7-5&_nc_sid=58cdad&efg=eyJ2ZW5jb2RlX3RhZyI6InhwaWRzLjEzNTB4MTY4OC5zZHIuQzMifQ%3D%3D&_nc_ohc=U_aDKSw4iUQQ7kNvwE2hSaC&_nc_oc=Adol5kT33z85_NbBcWInZN5Wq6KBpvbpSE3TTw4FjN8pmgOwZ4sSPmztFqHOgghQ2A4&_nc_ad=z-m&_nc_cid=0&_nc_zt=23&_nc_ht=scontent-dfw5-2.cdninstagram.com&_nc_gid=vZGOw4DfsZ7I9oy31KLLrA&_nc_ss=7a32e&oh=00_Af250wvdIvdphKh-9GVL-ICFIf1YI5h7o2__8Ngfc4Q6LA&oe=69DECFB0,3/10/2026,"Se em 2024 nossos números foram um sucesso, imagine em 2026!
Não perca a oportunidade de levar a sua empresa para outro nível, entre em contato e garanta seu espaço na Sudoexpo 2026. ÚLTIMAS VAGAS!
Sudoexpo 2026, aqui tudo vira negócio."
https://www.instagram.com/p/DVqi4JUDaB9,3,7,1421,clips,https://scontent-dfw6-1.cdninstagram.com/o1/v/t16/f2/m69/AQOEOlyT33HTIQI3s7vjAEIRyMpBWo4UpW5rpWL7Af-zJ89X-7fAGIdTKtB_cJ7Vpbx2kxepIbGKHS6m04ynAYg_.mp4?strext=1&_nc_cat=102&_nc_sid=5e9851&_nc_ht=scontent-dfw6-1.cdninstagram.com&_nc_ohc=l5hOccL3cjwQ7kNvwEg9xsI&efg=eyJ2ZW5jb2RlX3RhZyI6Inhwdl9wcm9ncmVzc2l2ZS5JTlNUQUdSQU0uQ0xJUFMuQzMuNzIwLmRhc2hfYmFzZWxpbmVfMV92MSIsInhwdl9hc3NldF9pZCI6MTgzNjMzMDYxNjkyMDc4MzYsImFzc2V0X2FnZV9kYXlzIjozMSwidmlfdXNlY2FzZV9pZCI6MTAwOTksImR1cmF0aW9uX3MiOjExLCJ1cmxnZW5fc291cmNlIjoid3d3In0%3D&ccb=17-1&vs=ce4d6bce94cb2ec0&_nc_vs=HBksFQIYOnBhc3N0aHJvdWdoX2V2ZXJzdG9yZS9HT0NGZHlZMTFWWGFOVFVEQU13cFFQLU90ZHdoYnNwVEFRQUYVAALIARIAFQIYUWlnX3hwdl9wbGFjZW1lbnRfcGVybWFuZW50X3YyLzY4NDg5RDZBMTg4QzE5QjY5M0JENkJBODg0RTUxQzkwX2F1ZGlvX2Rhc2hpbml0Lm1wNBUCAsgBEgAoABgAGwKIB3VzZV9vaWwBMRJwcm9ncmVzc2l2ZV9yZWNpcGUBMRUAACa4sPDRjNWeQRUCKAJDMywXQCaZmZmZmZoYEmRhc2hfYmFzZWxpbmVfMV92MREAdf4HZeadAQA&_nc_gid=vZGOw4DfsZ7I9oy31KLLrA&_nc_ss=7a32e&_nc_zt=28&oh=00_Af3Oa5sTDCu0vhS9poUlfKSUvsD45nYNVL8Ei0_JPI6XMA&oe=69DEB282,https://scontent-dfw5-1.cdninstagram.com/v/t51.71878-15/649854816_936944708840069_6863136120287910586_n.jpg?stp=dst-jpg_e15_tt6&_nc_cat=105&ig_cache_key=Mzg0OTA0MjIyMzQxMzY5ODY4NQ%3D%3D.3-ccb7-5&ccb=7-5&_nc_sid=58cdad&efg=eyJ2ZW5jb2RlX3RhZyI6InhwaWRzLjY0MHgxMTM2LnNkci5DMyJ9&_nc_ohc=1r-w2ElBi9oQ7kNvwGekU1k&_nc_oc=AdpqhshB8bAHsAiq_F52NTDaa9b6DfAtR5TMFoadzYB10NWy2uwWFSJoEpby-_WBb2k&_nc_ad=z-m&_nc_cid=0&_nc_zt=23&_nc_ht=scontent-dfw5-1.cdninstagram.com&_nc_gid=vZGOw4DfsZ7I9oy31KLLrA&_nc_ss=7a32e&oh=00_Af3JJvJnL1ZaLOVel7zIIcRV7yrzfp-omjfGVMKm8-vK4w&oe=69DEB0C0,https://scontent-dfw5-1.cdninstagram.com/v/t51.71878-15/649854816_936944708840069_6863136120287910586_n.jpg?stp=dst-jpg_e15_tt6&_nc_cat=105&ig_cache_key=Mzg0OTA0MjIyMzQxMzY5ODY4NQ%3D%3D.3-ccb7-5&ccb=7-5&_nc_sid=58cdad&efg=eyJ2ZW5jb2RlX3RhZyI6InhwaWRzLjY0MHgxMTM2LnNkci5DMyJ9&_nc_ohc=1r-w2ElBi9oQ7kNvwGekU1k&_nc_oc=AdpqhshB8bAHsAiq_F52NTDaa9b6DfAtR5TMFoadzYB10NWy2uwWFSJoEpby-_WBb2k&_nc_ad=z-m&_nc_cid=0&_nc_zt=23&_nc_ht=scontent-dfw5-1.cdninstagram.com&_nc_gid=vZGOw4DfsZ7I9oy31KLLrA&_nc_ss=7a32e&oh=00_Af3JJvJnL1ZaLOVel7zIIcRV7yrzfp-omjfGVMKm8-vK4w&oe=69DEB0C0,3/9/2026,"A confirmação de mais três estandes garantidos na #SudoExpo trouxe mais um buzinaço da @rakilandia_conectando_pessoas_, que tem o ritual de sempre comemorar quando a #ACIRV fecha um contrato de estande.

O crescimento do mapa do evento, conduzido com muito profissionalismo por @rakilandia_conectando_pessoas_ e @naiara.canossa1, mostra na prática como estamos construindo um ambiente de oportunidades. Cada contrato fechado pela nossa equipe reforça que aplicar a estratégia #ConectarParaCrescer transforma conexões de qualidade em resultados, gerando faturamento e parcerias duradouras. 

Aqui, ninguém cresce isolado. A gente cresce conectado."
https://www.instagram.com/p/DVnuOq6juuv,44,8,0,carousel_container,,https://scontent-dfw6-1.cdninstagram.com/v/t51.82787-15/649229728_18363149257207836_5540305548276375969_n.heic?stp=dst-jpg_e35_tt6&_nc_cat=102&ig_cache_key=Mzg0ODI0NDgwOTE2NTUwODkyNQ%3D%3D.3-ccb7-5&ccb=7-5&_nc_sid=58cdad&efg=eyJ2ZW5jb2RlX3RhZyI6InhwaWRzLjE0NDB4MTkyMC5zZHIuQzMifQ%3D%3D&_nc_ohc=Nv-boHiWDJEQ7kNvwG48YNj&_nc_oc=AdpFGpa13ocdlJ7tVZIv-s-tABQC5oJ9OUAO6k8wcxXuuuYU_1ClT_x9s9z3s4-0q2o&_nc_ad=z-m&_nc_cid=0&_nc_zt=23&_nc_ht=scontent-dfw6-1.cdninstagram.com&_nc_gid=vZGOw4DfsZ7I9oy31KLLrA&_nc_ss=7a32e&oh=00_Af1x0IxeyGSK_U4UEkXOesc4a43zXxJvYzylh0zOkNVY0w&oe=69DEDD6B,https://scontent-dfw6-1.cdninstagram.com/v/t51.82787-15/649229728_18363149257207836_5540305548276375969_n.heic?stp=dst-jpg_e35_tt6&_nc_cat=102&ig_cache_key=Mzg0ODI0NDgwOTE2NTUwODkyNQ%3D%3D.3-ccb7-5&ccb=7-5&_nc_sid=58cdad&efg=eyJ2ZW5jb2RlX3RhZyI6InhwaWRzLjE0NDB4MTkyMC5zZHIuQzMifQ%3D%3D&_nc_ohc=Nv-boHiWDJEQ7kNvwG48YNj&_nc_oc=AdpFGpa13ocdlJ7tVZIv-s-tABQC5oJ9OUAO6k8wcxXuuuYU_1ClT_x9s9z3s4-0q2o&_nc_ad=z-m&_nc_cid=0&_nc_zt=23&_nc_ht=scontent-dfw6-1.cdninstagram.com&_nc_gid=vZGOw4DfsZ7I9oy31KLLrA&_nc_ss=7a32e&oh=00_Af1x0IxeyGSK_U4UEkXOesc4a43zXxJvYzylh0zOkNVY0w&oe=69DEDD6B,3/8/2026,"Essas são as ACIRVETES: mulheres com qualidades únicas, histórias diferentes e a energia de uma equipe forte e unida. Este é o nosso pequeno ensaio de admiração para cada uma delas.

Janaine é uma profissional extremamente inteligente, dedicada e criteriosa, sempre comprometida em entregar um trabalho bem feito. Mesmo diante dos desafios que enfrenta, mantém uma energia positiva e uma presença acolhedora, com sorriso fácil e cuidado genuíno com as pessoas ao seu redor. Amorosa com a equipe, contribui para manter o ambiente leve e colaborativo, demonstrando diariamente o quanto se importa com o bem-estar do grupo.

A Naiara tem seus próprios desafios, mas mantém o bom humor e não permite ser derrubada. Ela está sempre focada em realizar um bom trabalho. Naiara é muito gentil e gosta de compartilhar com os outros aquilo que tem, seja conhecimento ou até pequenas coisas do dia a dia, como quando traz comidinhas diferentes para dividir. Ela é muito prestativa e nunca mede esforços para ajudar.

Raki é a estrelinha da ACIRV, reconhecida por sua comunicação empática, sensibilidade com as pessoas e dedicação em desenvolver uma oratória cada vez melhor. Tem a habilidade rara de enxergar e valorizar genuinamente as qualidades dos outros, sempre com um sorriso fácil e uma presença tranquila. Mesmo tendo enfrentado grandes dores na vida, manteve-se firme, ativa e liderando diversas frentes, demonstrando diariamente sua força e sabedoria. 

Maria Eduarda é uma pessoa muito querida na ACIRV. De perfil mais reservado, tem sorriso fácil, fala com muito jeitinho e está sempre presente para ajudar no que for preciso. Proativa e amável, sua presença silenciosa, mas constante, faz uma grande diferença no dia a dia da equipe.

A Rauane é uma pessoa mais tímida, que não conversa tanto, mas tem um jeito muito aconchegante de se comunicar. Quando fala, demonstra ser muito prestativa e amorosa. Seu jeito tranquilo transmite cuidado e acolhimento.

Já a Tereza é a própria força em forma de mulher. Ela é determinada, cheia de energia e muito direta, e isso é algo muito admirável. Tereza é uma pessoa presente, que pensa no próximo e demonstra muita disposição para agir e contribuir."
https://www.instagram.com/p/DVmJkYZEXmX,3,0,0,feed,,https://scontent-dfw6-1.cdninstagram.com/v/t51.82787-15/649226699_18363070285207836_2085329314384040882_n.heic?stp=dst-jpg_e35_tt6&_nc_cat=103&ig_cache_key=Mzg0NzgwNTAxNDE0NDgwOTM2Nw%3D%3D.3-ccb7-5&ccb=7-5&_nc_sid=58cdad&efg=eyJ2ZW5jb2RlX3RhZyI6InhwaWRzLjE0NDB4MTgwMC5zZHIuQzMifQ%3D%3D&_nc_ohc=MZaN1cOirS0Q7kNvwGHRwqe&_nc_oc=AdoiwMeNfonpngJZTcWNba6FB5Ey5U_OE4L9zfyqi-yFZFJmNlU-0HuIXyL47OqByVw&_nc_ad=z-m&_nc_cid=0&_nc_zt=23&_nc_ht=scontent-dfw6-1.cdninstagram.com&_nc_gid=vZGOw4DfsZ7I9oy31KLLrA&_nc_ss=7a32e&oh=00_Af2WS42TFZT3WuCiKHfKG_V3rs6iu66L5EZBO2wkDrJKgQ&oe=69DED189,https://scontent-dfw6-1.cdninstagram.com/v/t51.82787-15/649226699_18363070285207836_2085329314384040882_n.heic?stp=dst-jpg_e35_tt6&_nc_cat=103&ig_cache_key=Mzg0NzgwNTAxNDE0NDgwOTM2Nw%3D%3D.3-ccb7-5&ccb=7-5&_nc_sid=58cdad&efg=eyJ2ZW5jb2RlX3RhZyI6InhwaWRzLjE0NDB4MTgwMC5zZHIuQzMifQ%3D%3D&_nc_ohc=MZaN1cOirS0Q7kNvwGHRwqe&_nc_oc=AdoiwMeNfonpngJZTcWNba6FB5Ey5U_OE4L9zfyqi-yFZFJmNlU-0HuIXyL47OqByVw&_nc_ad=z-m&_nc_cid=0&_nc_zt=23&_nc_ht=scontent-dfw6-1.cdninstagram.com&_nc_gid=vZGOw4DfsZ7I9oy31KLLrA&_nc_ss=7a32e&oh=00_Af2WS42TFZT3WuCiKHfKG_V3rs6iu66L5EZBO2wkDrJKgQ&oe=69DED189,3/7/2026,"O montante de R$ 4 milhões movimentados entre 196 profissionais comprova que uma rede de contatos estruturada é o alicerce mais seguro para a expansão de mercado. 

Nossa próxima rodada de negociações ocorre no dia 26/03, às 19h, na sede da associação, as vagas estão abertas.

Integrar o ecossistema da #ACIRV significa construir alianças estratégicas e transformar diálogos corporativos em fechamentos com impacto financeiro positivo. O formato da nossa mesa une a credibilidade do networking clássico à metodologias ágil que maximiza o número de contatos. É neste cenário que #ConectarParaCrescer opera como um modelo prático de aceleração financeira para quem decide participar.

Aqui, ninguém cresce isolado. A gente cresce conectado."
https://www.instagram.com/p/DVjkQFRiUAc,54,5,0,carousel_container,,https://scontent-dfw5-2.cdninstagram.com/v/t51.82787-15/642954025_18362939254207836_8536201260593013179_n.jpg?stp=dst-jpg_e15_tt6&_nc_cat=104&ig_cache_key=Mzg0NzA3NzY1NjM3NDM1MjgyNA%3D%3D.3-ccb7-5&ccb=7-5&_nc_sid=58cdad&efg=eyJ2ZW5jb2RlX3RhZyI6InhwaWRzLjcyMHg5NjAuc2RyLkMzIn0%3D&_nc_ohc=-7V-Aayyg6QQ7kNvwGICEri&_nc_oc=Adpzw3qyQVPx0L2hYrQYvnAVLyDI2wTq7HRk3a23TYNIzkiRH6aN7RNVvdSgfYsSbeA&_nc_ad=z-m&_nc_cid=0&_nc_zt=23&_nc_ht=scontent-dfw5-2.cdninstagram.com&_nc_gid=vZGOw4DfsZ7I9oy31KLLrA&_nc_ss=7a32e&oh=00_Af0_p2MSsXSdE24yOVG8XC62wCeRlppsZNAbuV6vqGU2Dw&oe=69DED351,https://scontent-dfw5-2.cdninstagram.com/v/t51.82787-15/642954025_18362939254207836_8536201260593013179_n.jpg?stp=dst-jpg_e15_tt6&_nc_cat=104&ig_cache_key=Mzg0NzA3NzY1NjM3NDM1MjgyNA%3D%3D.3-ccb7-5&ccb=7-5&_nc_sid=58cdad&efg=eyJ2ZW5jb2RlX3RhZyI6InhwaWRzLjcyMHg5NjAuc2RyLkMzIn0%3D&_nc_ohc=-7V-Aayyg6QQ7kNvwGICEri&_nc_oc=Adpzw3qyQVPx0L2hYrQYvnAVLyDI2wTq7HRk3a23TYNIzkiRH6aN7RNVvdSgfYsSbeA&_nc_ad=z-m&_nc_cid=0&_nc_zt=23&_nc_ht=scontent-dfw5-2.cdninstagram.com&_nc_gid=vZGOw4DfsZ7I9oy31KLLrA&_nc_ss=7a32e&oh=00_Af0_p2MSsXSdE24yOVG8XC62wCeRlppsZNAbuV6vqGU2Dw&oe=69DED351,3/6/2026,"O ritmo do varejo depende de um trânsito urbano fluído, e a conquista da permanência de três horas na #ÁreaVerde comprova que a voz da ACIRV representando o empresariado molda o a política local.

A articulação da #ACIRV atende às demandas do setor produtivo com resultados práticos e imediatos. Além do tempo estendido, o sistema agora assegura quinze minutos de tolerância e implementa novos monitores de orientação para guiar a população no uso das vagas. Alinhar o planejamento da cidade às necessidades de retenção de clientes do comércio evidencia exatamente como #ConectarParaCrescer atua como um método de melhoria de ambiente de negócios. Unimos a tradição e a base sólida dos nossos lojistas às novas estratégias de mobilidade urbana para conduzir um ecossistema econômico dinâmico e focado em alta performance.

Aqui, ninguém cresce isolado. A gente cresce conectado."
https://www.instagram.com/p/DVizX1cjatO,9,0,0,feed,,https://scontent-lga3-2.cdninstagram.com/v/t51.82787-15/645987965_18362879332207836_1971738032605757694_n.jpg?stp=dst-jpg_e35_tt6&_nc_cat=107&ig_cache_key=Mzg0Njg2Mjk3MDAzNTIxOTI3OA%3D%3D.3-ccb7-5&ccb=7-5&_nc_sid=58cdad&efg=eyJ2ZW5jb2RlX3RhZyI6InhwaWRzLjEzNTB4MTY4OC5zZHIuQzMifQ%3D%3D&_nc_ohc=S753j33rRc4Q7kNvwEFNQQ2&_nc_oc=AdrY_h4c3SmsyYWEzRpn6FMS1AFFX67Mks0TbDTbdrIHc3LzTLwb-mWwBD22Ds6-St0&_nc_ad=z-m&_nc_cid=1087&_nc_zt=23&_nc_ht=scontent-lga3-2.cdninstagram.com&_nc_gid=E-7L0nc_aZTHTN5THgV10A&_nc_ss=7a32e&oh=00_Af2wDH5ehj6ZeN1EdkOcw6nfj8WNa7Ww-AZ_YbHCw4-aMw&oe=69DEC679,https://scontent-lga3-2.cdninstagram.com/v/t51.82787-15/645987965_18362879332207836_1971738032605757694_n.jpg?stp=dst-jpg_e35_tt6&_nc_cat=107&ig_cache_key=Mzg0Njg2Mjk3MDAzNTIxOTI3OA%3D%3D.3-ccb7-5&ccb=7-5&_nc_sid=58cdad&efg=eyJ2ZW5jb2RlX3RhZyI6InhwaWRzLjEzNTB4MTY4OC5zZHIuQzMifQ%3D%3D&_nc_ohc=S753j33rRc4Q7kNvwEFNQQ2&_nc_oc=AdrY_h4c3SmsyYWEzRpn6FMS1AFFX67Mks0TbDTbdrIHc3LzTLwb-mWwBD22Ds6-St0&_nc_ad=z-m&_nc_cid=1087&_nc_zt=23&_nc_ht=scontent-lga3-2.cdninstagram.com&_nc_gid=E-7L0nc_aZTHTN5THgV10A&_nc_ss=7a32e&oh=00_Af2wDH5ehj6ZeN1EdkOcw6nfj8WNa7Ww-AZ_YbHCw4-aMw&oe=69DEC679,3/6/2026,"A Sudoexpo 2026 nasce com um conceito claro:
✨ Inovação
🌱 Sustentabilidade
🤝 Geração de Negócios
Com novos espaços temáticos e experiências imersivas, a feira foi pensada para entregar valor real a expositores e visitantes.
O futuro passa por aqui."
https://www.instagram.com/p/DVeaoSMDmL-,3,13,0,carousel_container,,https://scontent-lga3-2.cdninstagram.com/v/t51.82787-15/641744212_17937424935168944_2936457217936891045_n.jpg?stp=dst-jpg_e35_tt6&_nc_cat=100&ig_cache_key=Mzg0NTYyNDY4MDk5MjkwNzE5NQ%3D%3D.3-ccb7-5&ccb=7-5&_nc_sid=58cdad&efg=eyJ2ZW5jb2RlX3RhZyI6InhwaWRzLjEyMDB4OTAwLnNkci5DMyJ9&_nc_ohc=hAB4580oaJwQ7kNvwE1BfiA&_nc_oc=AdrrBHQoDlLLXI9i5U_5LquRG7YuREYNNCsRzoV7Dil6d_HwEDmwR9MIGpwRq07mfGA&_nc_ad=z-m&_nc_cid=1087&_nc_zt=23&_nc_ht=scontent-lga3-2.cdninstagram.com&_nc_gid=E-7L0nc_aZTHTN5THgV10A&_nc_ss=7a32e&oh=00_Af3jOOBJe3YIZWxKAPX2WHlASc_c2mHXsAf5KzgiJf9-OQ&oe=69DECA64,https://scontent-lga3-2.cdninstagram.com/v/t51.82787-15/641744212_17937424935168944_2936457217936891045_n.jpg?stp=dst-jpg_e35_tt6&_nc_cat=100&ig_cache_key=Mzg0NTYyNDY4MDk5MjkwNzE5NQ%3D%3D.3-ccb7-5&ccb=7-5&_nc_sid=58cdad&efg=eyJ2ZW5jb2RlX3RhZyI6InhwaWRzLjEyMDB4OTAwLnNkci5DMyJ9&_nc_ohc=hAB4580oaJwQ7kNvwE1BfiA&_nc_oc=AdrrBHQoDlLLXI9i5U_5LquRG7YuREYNNCsRzoV7Dil6d_HwEDmwR9MIGpwRq07mfGA&_nc_ad=z-m&_nc_cid=1087&_nc_zt=23&_nc_ht=scontent-lga3-2.cdninstagram.com&_nc_gid=E-7L0nc_aZTHTN5THgV10A&_nc_ss=7a32e&oh=00_Af3jOOBJe3YIZWxKAPX2WHlASc_c2mHXsAf5KzgiJf9-OQ&oe=69DECA64,3/4/2026,"O Conselho ACIRV Mulher marcou presença no MOVIMENTE, evento promovido pelo Sebrae, em Brasília, que reuniu lideranças femininas, empreendedoras, representantes institucionais e especialistas para discutir caminhos de fortalecimento da participação das mulheres na economia e na política.

A participação aconteceu junto à caravana do Sebrae Goiás, em uma agenda que proporcionou troca de experiências, aprendizado e conexões com mulheres que estão transformando seus territórios por meio do empreendedorismo, da inovação e da liderança.

Eventos como o MOVIMENTE mostram que, quando mulheres se conectam, o impacto vai muito além das ideias: ele se traduz em oportunidades, políticas públicas mais sensíveis à realidade feminina e no fortalecimento de redes que impulsionam o desenvolvimento.

Parabenizamos o Sebrae pela iniciativa e pela construção de espaços que ampliam o diálogo, valorizam o protagonismo feminino e estimulam novas lideranças em todo o país.

Representaram o Conselho ACIRV Mulher no evento as diretoras Wenya Alecrim, Vivianne Oliveira, Rosânia Cândida, Gilmara Rech e Mariana Duarte, que integraram a caravana do Sebrae Goiás, juntamente com a diretora da FACIEG Mulher, Paula Simões, nessa importante agenda de fortalecimento da liderança feminina."
https://www.instagram.com/p/DVeYgx9EbMZ,3,2,0,carousel_container,,https://scontent-lga3-3.cdninstagram.com/v/t51.82787-15/642550191_18362674825207836_4589166403547455105_n.jpg?stp=dst-jpg_e15_tt6&_nc_cat=102&ig_cache_key=Mzg0NTYxODgxNTE0OTg3MTgxNg%3D%3D.3-ccb7-5&ccb=7-5&_nc_sid=58cdad&efg=eyJ2ZW5jb2RlX3RhZyI6InhwaWRzLjcyMHg5NjAuc2RyLkMzIn0%3D&_nc_ohc=xEHTfrmeqHkQ7kNvwE16WQ6&_nc_oc=Adp29EI75bayV-EbAZUzFU9nDdL7mVkHeLeminvT6QyVE5crIxkcwEjZSycDnGc4TmQ&_nc_ad=z-m&_nc_cid=1087&_nc_zt=23&_nc_ht=scontent-lga3-3.cdninstagram.com&_nc_gid=E-7L0nc_aZTHTN5THgV10A&_nc_ss=7a32e&oh=00_Af3MCRlSP308-gY7s0q4XbjRy8nql1omo0YnpmraH2JdCg&oe=69DEC4D4,https://scontent-lga3-3.cdninstagram.com/v/t51.82787-15/642550191_18362674825207836_4589166403547455105_n.jpg?stp=dst-jpg_e15_tt6&_nc_cat=102&ig_cache_key=Mzg0NTYxODgxNTE0OTg3MTgxNg%3D%3D.3-ccb7-5&ccb=7-5&_nc_sid=58cdad&efg=eyJ2ZW5jb2RlX3RhZyI6InhwaWRzLjcyMHg5NjAuc2RyLkMzIn0%3D&_nc_ohc=xEHTfrmeqHkQ7kNvwE16WQ6&_nc_oc=Adp29EI75bayV-EbAZUzFU9nDdL7mVkHeLeminvT6QyVE5crIxkcwEjZSycDnGc4TmQ&_nc_ad=z-m&_nc_cid=1087&_nc_zt=23&_nc_ht=scontent-lga3-3.cdninstagram.com&_nc_gid=E-7L0nc_aZTHTN5THgV10A&_nc_ss=7a32e&oh=00_Af3MCRlSP308-gY7s0q4XbjRy8nql1omo0YnpmraH2JdCg&oe=69DEC4D4,3/4/2026,"A estruturação do mercado de carbono no agronegócio exige métricas precisas para transformar práticas ambientais em ativos comerciais que geram resultados. Dominar as tecnologias de monitoramento de trocas gasosas no solo forma o alicerce dessa consolidação, pauta estratégica que guia o 2º Dia de Campo do Projeto Goiás Verde, ocorrido em 03 de março de 2026, das 08h às 14h, na Fazendas Reunidas Baumgart, em Rio Verde.

A aliança entre o rigor científico do CEAGRE, IF Goiano e SECTI com a força operacional do campo cria um ecossistema focado em resultados concretos. O produtor assume a vanguarda e passa a construir suas estratégias de sustentabilidade amparado em dados práticos, fortalecendo a integração de todo o setor. Essa somatória indiscutível entre a nossa tradição agrícola e a precisão tecnológica comprova que a visão da #ACIRV de #ConectarParaCrescer atua como um método seguro de evolução para os negócios.

Agradecemos aqui ao @arturpagnoncelli e ao @eng.gustavo.lacerda por representar a ACIRV neste evento.

Aqui, ninguém cresce isolado. A gente cresce conectado."
https://www.instagram.com/p/DVeJ_2UjaVy,3,7,0,carousel_container,,https://scontent-lga3-2.cdninstagram.com/v/t51.82787-15/645712590_18362662864207836_6084528671868451950_n.jpg?stp=dst-jpegr_e35_tt6&_nc_cat=107&ig_cache_key=Mzg0NTU1MzAxNTg3MzE0NDAwOQ%3D%3D.3-ccb7-5&ccb=7-5&_nc_sid=58cdad&efg=eyJ2ZW5jb2RlX3RhZyI6InhwaWRzLjE0Mzl4ODEwLmhkci5DMyJ9&_nc_ohc=EjMglshNB6wQ7kNvwE0n3Y7&_nc_oc=Adp5r5KbTAlBDQbI0vFtBKuSMQyp0bDup28Wbb4O0_8zjPVGaHzGgpwnioHo1mdbLG4&_nc_ad=z-m&_nc_cid=1087&_nc_zt=23&_nc_ht=scontent-lga3-2.cdninstagram.com&_nc_gid=E-7L0nc_aZTHTN5THgV10A&_nc_ss=7a32e&oh=00_Af3Mg7Sg3hBB5Iur-5yZXnVIkiTBKZECK6lwR_p9OSQCoQ&oe=69DEBEA4,https://scontent-lga3-2.cdninstagram.com/v/t51.82787-15/645712590_18362662864207836_6084528671868451950_n.jpg?stp=dst-jpegr_e35_tt6&_nc_cat=107&ig_cache_key=Mzg0NTU1MzAxNTg3MzE0NDAwOQ%3D%3D.3-ccb7-5&ccb=7-5&_nc_sid=58cdad&efg=eyJ2ZW5jb2RlX3RhZyI6InhwaWRzLjE0Mzl4ODEwLmhkci5DMyJ9&_nc_ohc=EjMglshNB6wQ7kNvwE0n3Y7&_nc_oc=Adp5r5KbTAlBDQbI0vFtBKuSMQyp0bDup28Wbb4O0_8zjPVGaHzGgpwnioHo1mdbLG4&_nc_ad=z-m&_nc_cid=1087&_nc_zt=23&_nc_ht=scontent-lga3-2.cdninstagram.com&_nc_gid=E-7L0nc_aZTHTN5THgV10A&_nc_ss=7a32e&oh=00_Af3Mg7Sg3hBB5Iur-5yZXnVIkiTBKZECK6lwR_p9OSQCoQ&oe=69DEBEA4,3/4/2026,"A presença de autoridades e da sociedade civil em torno do GARV eleva a causa autista de uma demanda familiar a um compromisso estrutural de Rio Verde. A cerimônia de posse e o juramento ético da nova diretoria do GARV reuniram cerca de 60 pessoas na noite de ontem (03/03), às 19h, no auditório da #ACIRV, Evidenciando a transformação de um grupo de conscientização em uma associação consolidada e com voz oficial.

#ConectarParaCrescer é o método exato para estruturar uma rede de apoio firme para o GARV. O avanço das pautas autistas exige pontes, e o compromisso do prefeito @wellingtoncarrijorv e do secretário de saúde @thiago_souza30 fortalece esse diálogo. O ecossistema de cuidado ganha ainda mais força com a atuação direta de @intensiva_fisiomed , @nilsimdasaude , @chicokgl e carlosaugustopsicologo. Essa aliança se completa com o peso institucional somado pelo Prof. Fábio representando @cabo_moraesoficial , Manuel Pereira representando @lucasdovalego , e @fabiotrancolin representando o Rotary Club Mauricio Nassau Arantes Lisboa. Obrigado pela presença de todos.

Aqui, ninguém cresce isolado. A gente cresce conectado."
https://www.instagram.com/p/DVY1zSvjTP_,18,0,0,feed,,https://scontent-lga3-2.cdninstagram.com/v/t51.82787-15/641736165_18361744756207836_3689222078795502371_n.jpg?stp=dst-jpg_e35_tt6&_nc_cat=105&ig_cache_key=Mzg0NDA1ODkwMzI0NDI1NjI1NQ%3D%3D.3-ccb7-5&ccb=7-5&_nc_sid=58cdad&efg=eyJ2ZW5jb2RlX3RhZyI6InhwaWRzLjEzNTB4MTY4OC5zZHIuQzMifQ%3D%3D&_nc_ohc=XtTo5ic-NAcQ7kNvwESgtB7&_nc_oc=AdpE0Ghdho3DN7-r36jLPKvPRtleOyi8ynMw6zX0xK-pHfJ9cTlitXcmxOh-itq_8ak&_nc_ad=z-m&_nc_cid=1087&_nc_zt=23&_nc_ht=scontent-lga3-2.cdninstagram.com&_nc_gid=E-7L0nc_aZTHTN5THgV10A&_nc_ss=7a32e&oh=00_Af0FHj6MFnse4Mz9AYeO6GYJJgaL_ZLE-JuBm4S2_AvSFg&oe=69DED155,https://scontent-lga3-2.cdninstagram.com/v/t51.82787-15/641736165_18361744756207836_3689222078795502371_n.jpg?stp=dst-jpg_e35_tt6&_nc_cat=105&ig_cache_key=Mzg0NDA1ODkwMzI0NDI1NjI1NQ%3D%3D.3-ccb7-5&ccb=7-5&_nc_sid=58cdad&efg=eyJ2ZW5jb2RlX3RhZyI6InhwaWRzLjEzNTB4MTY4OC5zZHIuQzMifQ%3D%3D&_nc_ohc=XtTo5ic-NAcQ7kNvwESgtB7&_nc_oc=AdpE0Ghdho3DN7-r36jLPKvPRtleOyi8ynMw6zX0xK-pHfJ9cTlitXcmxOh-itq_8ak&_nc_ad=z-m&_nc_cid=1087&_nc_zt=23&_nc_ht=scontent-lga3-2.cdninstagram.com&_nc_gid=E-7L0nc_aZTHTN5THgV10A&_nc_ss=7a32e&oh=00_Af0FHj6MFnse4Mz9AYeO6GYJJgaL_ZLE-JuBm4S2_AvSFg&oe=69DED155,3/2/2026,"“A Sudoexpo é mais do que uma feira: é um símbolo do potencial produtivo e inovador da nossa região.”
— José Carlos Cintra, presidente da ACIRV
Uma visão que conecta propósito, desenvolvimento e oportunidades para todo o Sudoeste Goiano."
https://www.instagram.com/p/DVYqGSJDR1U,60,2,0,carousel_container,,https://scontent-lga3-3.cdninstagram.com/v/t51.82787-15/643721071_18362379628207836_2167661116525838738_n.heic?stp=dst-jpg_e35_tt6&_nc_cat=106&ig_cache_key=Mzg0Mzk5OTk3NzY3NzA2ODAzMw%3D%3D.3-ccb7-5&ccb=7-5&_nc_sid=58cdad&efg=eyJ2ZW5jb2RlX3RhZyI6InhwaWRzLjE0NDB4MTkyMC5zZHIuQzMifQ%3D%3D&_nc_ohc=zQoJL5C0ttoQ7kNvwFUN4RA&_nc_oc=Adp1IMO27yRFORHNFh7gNrB96hCDHjQAImonpf-2GCf5b2SfS-Hsn34cWxFcnwLXk6k&_nc_ad=z-m&_nc_cid=1087&_nc_zt=23&_nc_ht=scontent-lga3-3.cdninstagram.com&_nc_gid=E-7L0nc_aZTHTN5THgV10A&_nc_ss=7a32e&oh=00_Af2y4NW91GyojLqvPXuNARfQdCr5bpIDUHzFSUXU1GGtqQ&oe=69DEB076,https://scontent-lga3-3.cdninstagram.com/v/t51.82787-15/643721071_18362379628207836_2167661116525838738_n.heic?stp=dst-jpg_e35_tt6&_nc_cat=106&ig_cache_key=Mzg0Mzk5OTk3NzY3NzA2ODAzMw%3D%3D.3-ccb7-5&ccb=7-5&_nc_sid=58cdad&efg=eyJ2ZW5jb2RlX3RhZyI6InhwaWRzLjE0NDB4MTkyMC5zZHIuQzMifQ%3D%3D&_nc_ohc=zQoJL5C0ttoQ7kNvwFUN4RA&_nc_oc=Adp1IMO27yRFORHNFh7gNrB96hCDHjQAImonpf-2GCf5b2SfS-Hsn34cWxFcnwLXk6k&_nc_ad=z-m&_nc_cid=1087&_nc_zt=23&_nc_ht=scontent-lga3-3.cdninstagram.com&_nc_gid=E-7L0nc_aZTHTN5THgV10A&_nc_ss=7a32e&oh=00_Af2y4NW91GyojLqvPXuNARfQdCr5bpIDUHzFSUXU1GGtqQ&oe=69DEB076,3/2/2026,"Buscar capacitação técnica, ocupar cargos de liderança e debater políticas públicas para o empreendedorismo feminino em Brasília são passos necessários para consolidar a influência da mulher na economia, elevando o patamar de competitividade das empresárias de Rio Verde.

A caravana da ACIRV Mulher inicia hoje sua jornada rumo ao #Movimente a convite do @Sebrae, evento que reúne mais de 400 lideranças nacionais no Royal Tulip Brasília, entre os dias 03 e 04 de março. A caravana é composta pela diretoria executiva da #ACIRVMulher, ou seja, @wenyaalecrim, @vivianneolive, @marimarduarte, @rosaniacandida.financas, @gilmararech, @paulasimoescoach. A diretoria executiva busca capacitação técnica e networking qualificado com o objetivo de gerar resultados e impacto positivo no mercado feminino de Rio Verde.

Este deslocamento prova que o #ConectarParaCrescer é o método definitivo para fortalecer o ecossistema e expandir horizontes comerciais. Mais uma vez, #ACIRV e #SEBRAE provando que Conectar Para Crescer é um lema vivo.

Aqui, ninguém cresce isolado. A gente cresce conectado."
https://www.instagram.com/p/DVUCAzfkYRu,156,6,0,carousel_container,,https://scontent-lga3-3.cdninstagram.com/v/t51.82787-15/642260460_18362145724207836_4663930873481867874_n.jpg?stp=dst-jpegr_e35_tt6&_nc_cat=104&ig_cache_key=Mzg0MjcwMDQxODUxMDU2NDMzMw%3D%3D.3-ccb7-5&ccb=7-5&_nc_sid=58cdad&efg=eyJ2ZW5jb2RlX3RhZyI6InhwaWRzLjE0NDB4MTkyMC5oZHIuQzMifQ%3D%3D&_nc_ohc=h9hhattL-L8Q7kNvwFZp_4y&_nc_oc=AdqzBestQZyCHgOguybe9jvzfngW_HlxuBjRmN-VTcesZfho-niZRHZvW_6Pxan0vUs&_nc_ad=z-m&_nc_cid=1087&_nc_zt=23&_nc_ht=scontent-lga3-3.cdninstagram.com&_nc_gid=E-7L0nc_aZTHTN5THgV10A&_nc_ss=7a32e&oh=00_Af1boVAy6Tn22F7ICQAA288h7spvXLZrN4ICn-hW4w5KCA&oe=69DEDF25,https://scontent-lga3-3.cdninstagram.com/v/t51.82787-15/642260460_18362145724207836_4663930873481867874_n.jpg?stp=dst-jpegr_e35_tt6&_nc_cat=104&ig_cache_key=Mzg0MjcwMDQxODUxMDU2NDMzMw%3D%3D.3-ccb7-5&ccb=7-5&_nc_sid=58cdad&efg=eyJ2ZW5jb2RlX3RhZyI6InhwaWRzLjE0NDB4MTkyMC5oZHIuQzMifQ%3D%3D&_nc_ohc=h9hhattL-L8Q7kNvwFZp_4y&_nc_oc=AdqzBestQZyCHgOguybe9jvzfngW_HlxuBjRmN-VTcesZfho-niZRHZvW_6Pxan0vUs&_nc_ad=z-m&_nc_cid=1087&_nc_zt=23&_nc_ht=scontent-lga3-3.cdninstagram.com&_nc_gid=E-7L0nc_aZTHTN5THgV10A&_nc_ss=7a32e&oh=00_Af1boVAy6Tn22F7ICQAA288h7spvXLZrN4ICn-hW4w5KCA&oe=69DEDF25,2/28/2026,"O auditório da #ACIRV cheio por lideranças em busca de capacitação demonstra que o #CaféEntreAmigos sobre a #ReformaTributária foi uma virada de chave para as empresas que desejam saúde financeira em 2026. A clareza técnica conduzida pela @ivonevieira permitiu que o empresariado de Rio Verde convertesse incertezas fiscais em ferramentas de gestão e planejamento estratégico.

Viabilizar esse nível de profundidade analítica é uma prioridade que compartilhamos com a @seguralta, cuja parceria estratégica reafirma que #ConectarParaCrescer é a metodologia mais segura para fortalecer o mercado local frente às mudanças sistêmicas. Agradecemos a cada empreendedor que dedicou sua manhã para transformar este encontro em um núcleo de inteligência, provando que a busca por conhecimento técnico é o que consolida gestões resilientes.

Aqui, ninguém cresce isolado. A gente cresce conectado."
https://www.instagram.com/p/DVRCP2lDTnx,29,0,0,feed,,https://scontent-lga3-3.cdninstagram.com/v/t51.82787-15/642466067_18361999513207836_3539468054110864720_n.heic?stp=dst-jpg_e35_tt6&_nc_cat=108&ig_cache_key=Mzg0MTg2MTg0MjYxMjU5OTI4MQ%3D%3D.3-ccb7-5&ccb=7-5&_nc_sid=58cdad&efg=eyJ2ZW5jb2RlX3RhZyI6InhwaWRzLjEwODB4MTQ0MC5zZHIuQzMifQ%3D%3D&_nc_ohc=HGIx4b8SmRoQ7kNvwF7Py4N&_nc_oc=AdpZwhoTTaBTPY8Q2q_snd_lqL01eoxzseBxxltl2gbnOXZFrQUjteWyjRXJjnsJMIw&_nc_ad=z-m&_nc_cid=1087&_nc_zt=23&_nc_ht=scontent-lga3-3.cdninstagram.com&_nc_gid=E-7L0nc_aZTHTN5THgV10A&_nc_ss=7a32e&oh=00_Af1c1F7OK1_7WZ0AaaQji1bWc1RGDuzxlQyq-qs9an2mCg&oe=69DECDED,https://scontent-lga3-3.cdninstagram.com/v/t51.82787-15/642466067_18361999513207836_3539468054110864720_n.heic?stp=dst-jpg_e35_tt6&_nc_cat=108&ig_cache_key=Mzg0MTg2MTg0MjYxMjU5OTI4MQ%3D%3D.3-ccb7-5&ccb=7-5&_nc_sid=58cdad&efg=eyJ2ZW5jb2RlX3RhZyI6InhwaWRzLjEwODB4MTQ0MC5zZHIuQzMifQ%3D%3D&_nc_ohc=HGIx4b8SmRoQ7kNvwF7Py4N&_nc_oc=AdpZwhoTTaBTPY8Q2q_snd_lqL01eoxzseBxxltl2gbnOXZFrQUjteWyjRXJjnsJMIw&_nc_ad=z-m&_nc_cid=1087&_nc_zt=23&_nc_ht=scontent-lga3-3.cdninstagram.com&_nc_gid=E-7L0nc_aZTHTN5THgV10A&_nc_ss=7a32e&oh=00_Af1c1F7OK1_7WZ0AaaQji1bWc1RGDuzxlQyq-qs9an2mCg&oe=69DECDED,2/27/2026,"As alianças comerciais mais sólidas nascem de conversas estruturadas para gerar conexão, e a primeira agenda para construir essas conexões em 2026 já está definida: o Conecta - Mesa de Networking, no dia 26 de março.

Este encontro é desenhado pela #ACIRV para ir além da troca de cartões: é o ambiente para mapear parcerias, validar soluções e construir pontes entre a experiência consolidada e as inovação dos iniciantes. A dinâmica da mesa de networking é a prova de que #ConectarParaCrescer não é um lema, é um método de execução. As inscrições estão abertas pelo link na bio.

Aqui, ninguém cresce isolado. A gente cresce conectado."
https://www.instagram.com/p/DVRAgzljgzF,27,0,514,clips,https://scontent-lga3-2.cdninstagram.com/o1/v/t16/f2/m69/AQNJ3WdmNuPlyFCb_vBXgNU0eTM1PNVbvXHzOVBXxYKNJLTt-LxTPJriECVvYMFFKX9IBRYiggP2uTa91cneLoys.mp4?strext=1&_nc_cat=100&_nc_sid=5e9851&_nc_ht=scontent-lga3-2.cdninstagram.com&_nc_ohc=ZK85v2fHvPAQ7kNvwHMbdxF&efg=eyJ2ZW5jb2RlX3RhZyI6Inhwdl9wcm9ncmVzc2l2ZS5JTlNUQUdSQU0uQ0xJUFMuQzMuNDgwLmRhc2hfYmFzZWxpbmVfMV92MSIsInhwdl9hc3NldF9pZCI6MTgzNjE3NDQ1MTkyMDc4MzYsImFzc2V0X2FnZV9kYXlzIjo0MywidmlfdXNlY2FzZV9pZCI6MTAwOTksImR1cmF0aW9uX3MiOjksInVybGdlbl9zb3VyY2UiOiJ3d3cifQ%3D%3D&ccb=17-1&vs=e1039b8c3c116af5&_nc_vs=HBksFQIYOnBhc3N0aHJvdWdoX2V2ZXJzdG9yZS9HTno1UFNhNEtsV3dUR3NNQU9lTUJVMzlYRklEYnNwVEFRQUYVAALIARIAFQIYUWlnX3hwdl9wbGFjZW1lbnRfcGVybWFuZW50X3YyL0JFNDg3QkQxQzY1NDgxNDA0QzE5NTUxMkE0ODRFNkJCX2F1ZGlvX2Rhc2hpbml0Lm1wNBUCAsgBEgAoABgAGwKIB3VzZV9vaWwBMRJwcm9ncmVzc2l2ZV9yZWNpcGUBMRUAACa47rC4mfqdQRUCKAJDMywXQCKIMSbpeNUYEmRhc2hfYmFzZWxpbmVfMV92MREAdf4HZeadAQA&_nc_gid=E-7L0nc_aZTHTN5THgV10A&_nc_ss=7a32e&_nc_zt=28&oh=00_Af2LN0q3O0wfBxwGzkJQ4oez3C3rWNsXZmc6I_ioJauVvQ&oe=69DEAC2C,https://scontent-lga3-2.cdninstagram.com/v/t51.71878-15/627187013_1981182729448584_8238098457493119510_n.jpg?stp=dst-jpg_e15_tt6&_nc_cat=105&ig_cache_key=Mzg0MTg1NDIxMTUzNzg5ODY5Mw%3D%3D.3-ccb7-5&ccb=7-5&_nc_sid=58cdad&efg=eyJ2ZW5jb2RlX3RhZyI6InhwaWRzLjY0MHgxMTM4LnNkci5DMyJ9&_nc_ohc=tcZF07NJnwEQ7kNvwGbOwmD&_nc_oc=AdrmiLGqDLowFuyIoglM5SEYy4U14wgE2bJSG9rABiVALwCMzqPVtQjOvu7H8wo2kgA&_nc_ad=z-m&_nc_cid=1087&_nc_zt=23&_nc_ht=scontent-lga3-2.cdninstagram.com&_nc_gid=E-7L0nc_aZTHTN5THgV10A&_nc_ss=7a32e&oh=00_Af2px-vIdK-MENXYKTAdPtLW-X_kJ4Q_Vz2P5cQ44bq-Og&oe=69DEC07A,https://scontent-lga3-2.cdninstagram.com/v/t51.71878-15/627187013_1981182729448584_8238098457493119510_n.jpg?stp=dst-jpg_e15_tt6&_nc_cat=105&ig_cache_key=Mzg0MTg1NDIxMTUzNzg5ODY5Mw%3D%3D.3-ccb7-5&ccb=7-5&_nc_sid=58cdad&efg=eyJ2ZW5jb2RlX3RhZyI6InhwaWRzLjY0MHgxMTM4LnNkci5DMyJ9&_nc_ohc=tcZF07NJnwEQ7kNvwGbOwmD&_nc_oc=AdrmiLGqDLowFuyIoglM5SEYy4U14wgE2bJSG9rABiVALwCMzqPVtQjOvu7H8wo2kgA&_nc_ad=z-m&_nc_cid=1087&_nc_zt=23&_nc_ht=scontent-lga3-2.cdninstagram.com&_nc_gid=E-7L0nc_aZTHTN5THgV10A&_nc_ss=7a32e&oh=00_Af2px-vIdK-MENXYKTAdPtLW-X_kJ4Q_Vz2P5cQ44bq-Og&oe=69DEC07A,2/27/2026,"A Sudoexpo não é apenas um evento.
É um símbolo do potencial produtivo e inovador de Goiás.
Um ambiente criado para gerar conexões reais, oportunidades estratégicas e negócios que impactam toda a cadeia econômica da região.
Sudoexpo 2026. Aqui tudo vira negócio."
https://www.instagram.com/p/DVPcQNajkA8,3,2,0,carousel_container,,https://scontent-lga3-3.cdninstagram.com/v/t51.82787-15/641779055_17936622675168944_8323908434186025300_n.jpg?stp=dst-jpg_e35_tt6&_nc_cat=106&ig_cache_key=Mzg0MTQxMjMxODkyODczMzMxOA%3D%3D.3-ccb7-5&ccb=7-5&_nc_sid=58cdad&efg=eyJ2ZW5jb2RlX3RhZyI6InhwaWRzLjEwODB4MTA4MC5zZHIuQzMifQ%3D%3D&_nc_ohc=vAB5W3sr37UQ7kNvwFXmh95&_nc_oc=AdqLz9Qx4hKH9lLwqhsRaQwE9mLBp5VKJAAJNLD6blPXX6cgvPvklv7SfH97oEi-Ys8&_nc_ad=z-m&_nc_cid=1087&_nc_zt=23&_nc_ht=scontent-lga3-3.cdninstagram.com&_nc_gid=E-7L0nc_aZTHTN5THgV10A&_nc_ss=7a32e&oh=00_Af1I1hmXv9snZfb3XxRUtHbrFbxBR1o9eYKKn_7xspoLEQ&oe=69DEC703,https://scontent-lga3-3.cdninstagram.com/v/t51.82787-15/641779055_17936622675168944_8323908434186025300_n.jpg?stp=dst-jpg_e35_tt6&_nc_cat=106&ig_cache_key=Mzg0MTQxMjMxODkyODczMzMxOA%3D%3D.3-ccb7-5&ccb=7-5&_nc_sid=58cdad&efg=eyJ2ZW5jb2RlX3RhZyI6InhwaWRzLjEwODB4MTA4MC5zZHIuQzMifQ%3D%3D&_nc_ohc=vAB5W3sr37UQ7kNvwFXmh95&_nc_oc=AdqLz9Qx4hKH9lLwqhsRaQwE9mLBp5VKJAAJNLD6blPXX6cgvPvklv7SfH97oEi-Ys8&_nc_ad=z-m&_nc_cid=1087&_nc_zt=23&_nc_ht=scontent-lga3-3.cdninstagram.com&_nc_gid=E-7L0nc_aZTHTN5THgV10A&_nc_ss=7a32e&oh=00_Af1I1hmXv9snZfb3XxRUtHbrFbxBR1o9eYKKn_7xspoLEQ&oe=69DEC703,2/26/2026,"Celebramos mais do que uma cerimônia de posse. Celebramos continuidade, compromisso e responsabilidade com o futuro.

O Conselho ACIRV Mulher inicia um novo ciclo com mulheres que decidiram fazer, não apenas ocupar cadeiras, mas assumir propósito.

A nova diretoria é composta por:

✨ Wenya Alves Alecrim – Presidente
✨ Mariana Ribeiro Duarte – Vice-presidente
✨ Anna Marques – Diretora de Relações Institucionais
✨ Mércie Aparecida Berno Bellei – Diretora de Promoção e Eventos
✨ Iva Martins Morais Fernandes – Diretora de Indústria e Comércio
✨ Gilmara Rech – Diretora de Arte e Cultura
✨ Rosânia Cândida de Oliveira Guerreiro – Diretora Financeiro e Administrativo
✨ Vivianne de Oliveira – Diretora de Comunicação e Marketing

E juntas, carregamos a missão de fortalecer o empreendedorismo feminino, ampliar espaços de decisão e construir conexões que geram resultado.

Seguimos com método, trabalho e visão de futuro.
Porque quando mulheres se organizam, a transformação deixa de ser discurso e vira prática.

Que venham os próximos capítulos. 💜

FOTOS 📸 @flavia_fotografia"
https://www.instagram.com/p/DVPEpjskrus,69,2,0,carousel_container,,https://scontent-lga3-3.cdninstagram.com/v/t51.82787-15/638302258_18361910863207836_1021656618226629916_n.jpg?stp=dst-jpegr_e35_tt6&_nc_cat=106&ig_cache_key=Mzg0MTMwNjUwMzUwMDk1NTI5OA%3D%3D.3-ccb7-5&ccb=7-5&_nc_sid=58cdad&efg=eyJ2ZW5jb2RlX3RhZyI6InhwaWRzLjE0NDB4MTkyMC5oZHIuQzMifQ%3D%3D&_nc_ohc=TEDIyoRNliUQ7kNvwGjMVt2&_nc_oc=AdqdGrbc1mqfDqnGVt60NMbrxl5iK0SQD4lW1vQ5ep7VxcoI-Zg6m78Mt9ReXTsu8Js&_nc_ad=z-m&_nc_cid=1087&_nc_zt=23&_nc_ht=scontent-lga3-3.cdninstagram.com&_nc_gid=E-7L0nc_aZTHTN5THgV10A&_nc_ss=7a32e&oh=00_Af0RFSZJiukOkpFh54HfHC9DIfVDCSw2KaFBKus4clxSmw&oe=69DEBB32,https://scontent-lga3-3.cdninstagram.com/v/t51.82787-15/638302258_18361910863207836_1021656618226629916_n.jpg?stp=dst-jpegr_e35_tt6&_nc_cat=106&ig_cache_key=Mzg0MTMwNjUwMzUwMDk1NTI5OA%3D%3D.3-ccb7-5&ccb=7-5&_nc_sid=58cdad&efg=eyJ2ZW5jb2RlX3RhZyI6InhwaWRzLjE0NDB4MTkyMC5oZHIuQzMifQ%3D%3D&_nc_ohc=TEDIyoRNliUQ7kNvwGjMVt2&_nc_oc=AdqdGrbc1mqfDqnGVt60NMbrxl5iK0SQD4lW1vQ5ep7VxcoI-Zg6m78Mt9ReXTsu8Js&_nc_ad=z-m&_nc_cid=1087&_nc_zt=23&_nc_ht=scontent-lga3-3.cdninstagram.com&_nc_gid=E-7L0nc_aZTHTN5THgV10A&_nc_ss=7a32e&oh=00_Af0RFSZJiukOkpFh54HfHC9DIfVDCSw2KaFBKus4clxSmw&oe=69DEBB32,2/26/2026,"A #ACIRV esteve presente em um momento histórico para o fortalecimento da segurança e do setor produtivo de Rio Verde. O presidente, Sr. José Carlos Cintra, prestigiou a Assembleia Geral de Constituição do PAMRV, reafirmando o compromisso da entidade com iniciativas que promovem proteção, união e desenvolvimento para empresários e toda a comunidade.

A solenidade, realizada no Auditório do Paço Municipal, marcou a fundação oficial do plano, aprovação do estatuto, eleição da diretoria e definição de sua base jurídica. Este foi um passo decisivo para consolidar um ambiente mais seguro e favorável ao crescimento."
https://www.instagram.com/p/DVPBo6Jkqxg,9,0,400,clips,https://scontent-lga3-2.cdninstagram.com/o1/v/t16/f2/m69/AQOF_RSnIKXaQFFw9FXqF-3ssRXEgPTvOPL584hERlnFgkoiJghhiDE0jI89cAsDJrDOb0U5_Ug6zT1eW-rIn-_z.mp4?strext=1&_nc_cat=100&_nc_sid=5e9851&_nc_ht=scontent-lga3-2.cdninstagram.com&_nc_ohc=oF-GzT9M5ZwQ7kNvwFTJWd0&efg=eyJ2ZW5jb2RlX3RhZyI6Inhwdl9wcm9ncmVzc2l2ZS5JTlNUQUdSQU0uQ0xJUFMuQzMuMTI4MC5kYXNoX2Jhc2VsaW5lXzFfdjEiLCJ4cHZfYXNzZXRfaWQiOjE3OTQ3NzY2OTI4MTA1MzgxLCJhc3NldF9hZ2VfZGF5cyI6NDIsInZpX3VzZWNhc2VfaWQiOjEwMDk5LCJkdXJhdGlvbl9zIjoyNTgsInVybGdlbl9zb3VyY2UiOiJ3d3cifQ%3D%3D&ccb=17-1&vs=e21fda3ea66bc9f5&_nc_vs=HBksFQIYOnBhc3N0aHJvdWdoX2V2ZXJzdG9yZS9HTmVYWmlhSFRCVVhiam9GQU54M2lySXBNcXhEYnNwVEFRQUYVAALIARIAFQIYUWlnX3hwdl9wbGFjZW1lbnRfcGVybWFuZW50X3YyLzg1NEIxNUMxNDlFRDVBNEFDRjlENTgzODc4QUI4QThDX2F1ZGlvX2Rhc2hpbml0Lm1wNBUCAsgBEgAoABgAGwKIB3VzZV9vaWwBMRJwcm9ncmVzc2l2ZV9yZWNpcGUBMRUAACbK_paExNnhPxUCKAJDMywXQHAqIMSbpeMYEmRhc2hfYmFzZWxpbmVfMV92MREAdf4HZeadAQA&_nc_gid=E-7L0nc_aZTHTN5THgV10A&_nc_ss=7a32e&_nc_zt=28&oh=00_Af3VLt5D_rnnwLq93PETue6XyF74ha5MnTdqh69k-h99bA&oe=69DEC5D4,https://scontent-lga3-3.cdninstagram.com/v/t51.82787-15/640157722_18365460223160329_5925208563574474220_n.jpg?stp=dst-jpg_e15_tt6&_nc_cat=102&ig_cache_key=Mzg0MTI5NjIxNjQzMzUzNjA5NjE4MzY1NDYwMjIwMTYwMzI5.3-ccb7-5&ccb=7-5&_nc_sid=58cdad&efg=eyJ2ZW5jb2RlX3RhZyI6InhwaWRzLjU0MHg5NjAuc2RyLkMzIn0%3D&_nc_ohc=B9F5JuccKFwQ7kNvwF0mi2M&_nc_oc=AdpQ2o_WoRY-49bzn8TH3QPAl6CfnzpiAc7EpFOnmHXRT0tVjZy1LT51vrh-1SCX1-U&_nc_ad=z-m&_nc_cid=1087&_nc_zt=23&_nc_ht=scontent-lga3-3.cdninstagram.com&_nc_gid=E-7L0nc_aZTHTN5THgV10A&_nc_ss=7a32e&oh=00_Af3KJrE8jSst_qtdF8XYAZbgMWVIESpgtTKn0nezgJOItA&oe=69DED54E,https://scontent-lga3-3.cdninstagram.com/v/t51.82787-15/640157722_18365460223160329_5925208563574474220_n.jpg?stp=dst-jpg_e15_tt6&_nc_cat=102&ig_cache_key=Mzg0MTI5NjIxNjQzMzUzNjA5NjE4MzY1NDYwMjIwMTYwMzI5.3-ccb7-5&ccb=7-5&_nc_sid=58cdad&efg=eyJ2ZW5jb2RlX3RhZyI6InhwaWRzLjU0MHg5NjAuc2RyLkMzIn0%3D&_nc_ohc=B9F5JuccKFwQ7kNvwF0mi2M&_nc_oc=AdpQ2o_WoRY-49bzn8TH3QPAl6CfnzpiAc7EpFOnmHXRT0tVjZy1LT51vrh-1SCX1-U&_nc_ad=z-m&_nc_cid=1087&_nc_zt=23&_nc_ht=scontent-lga3-3.cdninstagram.com&_nc_gid=E-7L0nc_aZTHTN5THgV10A&_nc_ss=7a32e&oh=00_Af3KJrE8jSst_qtdF8XYAZbgMWVIESpgtTKn0nezgJOItA&oe=69DED54E,2/26/2026,"Tv Sucesso 2026
Plano de Auxílio Mútuo Prefeitura Municipal de Rio Verde GO 
#TVSucesso #BandCidade #rioverde #goias"
https://www.instagram.com/p/DVOpUjCDUqa,3,0,0,carousel_container,,https://scontent-atl3-2.cdninstagram.com/v/t51.82787-15/643480249_18361888138207836_6455041914571246512_n.jpg?stp=dst-jpg_e15_tt6&_nc_cat=101&ig_cache_key=Mzg0MTE4ODc3NDMxOTg1NDEwNA%3D%3D.3-ccb7-5&ccb=7-5&_nc_sid=58cdad&efg=eyJ2ZW5jb2RlX3RhZyI6InhwaWRzLjcyMHg5NjAuc2RyLkMzIn0%3D&_nc_ohc=6-U3dWRJwlMQ7kNvwFDE_kM&_nc_oc=Adp2wQhZ5gOhTvr67lzS1YTe_X78EYwED7MKmocfwCJXTvCTReUJ0pfbwliCilToS0g&_nc_ad=z-m&_nc_cid=0&_nc_zt=23&_nc_ht=scontent-atl3-2.cdninstagram.com&_nc_gid=q4-C7s8F1i4EJI7oEqh6aQ&_nc_ss=7a32e&oh=00_Af1rfkQ4uYx1o_vpExU3kBXbaDiGDpJUeYWXHLBvboSGqw&oe=69DEBA80,https://scontent-atl3-2.cdninstagram.com/v/t51.82787-15/643480249_18361888138207836_6455041914571246512_n.jpg?stp=dst-jpg_e15_tt6&_nc_cat=101&ig_cache_key=Mzg0MTE4ODc3NDMxOTg1NDEwNA%3D%3D.3-ccb7-5&ccb=7-5&_nc_sid=58cdad&efg=eyJ2ZW5jb2RlX3RhZyI6InhwaWRzLjcyMHg5NjAuc2RyLkMzIn0%3D&_nc_ohc=6-U3dWRJwlMQ7kNvwFDE_kM&_nc_oc=Adp2wQhZ5gOhTvr67lzS1YTe_X78EYwED7MKmocfwCJXTvCTReUJ0pfbwliCilToS0g&_nc_ad=z-m&_nc_cid=0&_nc_zt=23&_nc_ht=scontent-atl3-2.cdninstagram.com&_nc_gid=q4-C7s8F1i4EJI7oEqh6aQ&_nc_ss=7a32e&oh=00_Af1rfkQ4uYx1o_vpExU3kBXbaDiGDpJUeYWXHLBvboSGqw&oe=69DEBA80,2/26/2026,"ARRASTE PARA O LADO E CONFIRA OS DEPOIMENTOS COMPLETOS! 

A consolidação de um ecossistema econômico exige diálogo contínuo, fator que tangibiliza resultados históricos para Rio Verde, desde a estruturação da maior feira multissetorial urbana do estado até a articulação de obras públicas de alta eficiência que garantem a segurança do município. Essa capacidade de reestruturar o ambiente de negócios formou a pauta do nosso Café com o Presidente, realizado nesta terça-feira (24).

O modelo de benefício mútuo abordado no encontro comprova que #ConectarParaCrescer é o método exato para desenvolver o mercado e a comunidade simultaneamente. A troca de perspectivas com @danillo_fariaadm, @martinsbusinessbroker e @gabrielmoraes.tributario pavimenta novos e pontos de vista quem enriqueceram o encontro. Ao integrar a visão prática de @manancialfachadasec e @adelson.gomes, desenhamos soluções concretas para os desafios do dia a dia do empresário. Cada debate erguido junto a @nexusistemas, @eletromarrv e @chamaanelma garante que a tradição associativista da #ACIRV escale resultados com foco absoluto na inovação. 

Aqui, ninguém cresce isolado. A gente cresce conectado."
https://www.instagram.com/p/DVLtQ1VDdIu,3,0,0,feed,,https://scontent-atl3-1.cdninstagram.com/v/t51.82787-15/643016392_18361744177207836_1045851861820581949_n.jpg?stp=dst-jpg_e35_tt6&_nc_cat=103&ig_cache_key=Mzg0MDM2MjE3NjEyOTY1MTI0Ng%3D%3D.3-ccb7-5&ccb=7-5&_nc_sid=58cdad&efg=eyJ2ZW5jb2RlX3RhZyI6InhwaWRzLjEzNTB4MTY4OC5zZHIuQzMifQ%3D%3D&_nc_ohc=X25ukEia69kQ7kNvwFuJcpP&_nc_oc=AdoAtSqVCQ-1oL_8AttTX4ggS5ZH2Ts3ITp8vBcbGp5QaEIkH_3P7TgkkMpdpkshYOg&_nc_ad=z-m&_nc_cid=0&_nc_zt=23&_nc_ht=scontent-atl3-1.cdninstagram.com&_nc_gid=q4-C7s8F1i4EJI7oEqh6aQ&_nc_ss=7a32e&oh=00_Af3PfDZp6TvmD1fABRCAYErjC2MfrucRjkm5WoXIMg9I4w&oe=69DEBB45,https://scontent-atl3-1.cdninstagram.com/v/t51.82787-15/643016392_18361744177207836_1045851861820581949_n.jpg?stp=dst-jpg_e35_tt6&_nc_cat=103&ig_cache_key=Mzg0MDM2MjE3NjEyOTY1MTI0Ng%3D%3D.3-ccb7-5&ccb=7-5&_nc_sid=58cdad&efg=eyJ2ZW5jb2RlX3RhZyI6InhwaWRzLjEzNTB4MTY4OC5zZHIuQzMifQ%3D%3D&_nc_ohc=X25ukEia69kQ7kNvwFuJcpP&_nc_oc=AdoAtSqVCQ-1oL_8AttTX4ggS5ZH2Ts3ITp8vBcbGp5QaEIkH_3P7TgkkMpdpkshYOg&_nc_ad=z-m&_nc_cid=0&_nc_zt=23&_nc_ht=scontent-atl3-1.cdninstagram.com&_nc_gid=q4-C7s8F1i4EJI7oEqh6aQ&_nc_ss=7a32e&oh=00_Af3PfDZp6TvmD1fABRCAYErjC2MfrucRjkm5WoXIMg9I4w&oe=69DEBB45,2/25/2026,"Leve seu negócio para outro patamar, seja um expositor da maior feira multissetorial do Centro-Oeste.
SUDOEXPO - Aqui tudo vira negócio!"
https://www.instagram.com/p/DVKjAIIDdIB,150,33,0,carousel_container,,https://scontent-atl3-2.cdninstagram.com/v/t51.82787-15/641445790_18361692814207836_4001497502415250118_n.jpg?stp=dst-jpegr_e35_tt6&_nc_cat=101&ig_cache_key=Mzg0MDAwMjg1MjEyNzYyNTExOQ%3D%3D.3-ccb7-5&ccb=7-5&_nc_sid=58cdad&efg=eyJ2ZW5jb2RlX3RhZyI6InhwaWRzLjE0NDB4MTkyMC5oZHIuQzMifQ%3D%3D&_nc_ohc=nfgeiOyKDjcQ7kNvwGMf1fl&_nc_oc=AdqVF5_aJCYfO2q0073XsJQrPGt9qetu8WWUiys6R3rHiW5_xaJycjtPHQ1i9yeyEtI&_nc_ad=z-m&_nc_cid=0&_nc_zt=23&_nc_ht=scontent-atl3-2.cdninstagram.com&_nc_gid=q4-C7s8F1i4EJI7oEqh6aQ&_nc_ss=7a32e&oh=00_Af2uHCEYMikhk7l9FP7jXb3B6sADgyJpVZ0ipU36zcVrpg&oe=69DECE6D,https://scontent-atl3-2.cdninstagram.com/v/t51.82787-15/641445790_18361692814207836_4001497502415250118_n.jpg?stp=dst-jpegr_e35_tt6&_nc_cat=101&ig_cache_key=Mzg0MDAwMjg1MjEyNzYyNTExOQ%3D%3D.3-ccb7-5&ccb=7-5&_nc_sid=58cdad&efg=eyJ2ZW5jb2RlX3RhZyI6InhwaWRzLjE0NDB4MTkyMC5oZHIuQzMifQ%3D%3D&_nc_ohc=nfgeiOyKDjcQ7kNvwGMf1fl&_nc_oc=AdqVF5_aJCYfO2q0073XsJQrPGt9qetu8WWUiys6R3rHiW5_xaJycjtPHQ1i9yeyEtI&_nc_ad=z-m&_nc_cid=0&_nc_zt=23&_nc_ht=scontent-atl3-2.cdninstagram.com&_nc_gid=q4-C7s8F1i4EJI7oEqh6aQ&_nc_ss=7a32e&oh=00_Af2uHCEYMikhk7l9FP7jXb3B6sADgyJpVZ0ipU36zcVrpg&oe=69DECE6D,2/24/2026,"A presença em peso de #LiderançasFemininas neste evento valida que o Conselho #ACIRVmulher é hoje um pilar de inteligência do mercado, um centro inovador de representatividade e um canal de conexão entre as sublimes mulheres empreendedoras de nossa cidade.

O bom trabalho de toda a diretoria executiva da ACIRV Mulher vem trazendo resultados mensuráveis e consistentes, o que garante para instituição um lugar de respeito e admiração no coração de todos os que participaram hoje da cerimônia de posse.

Esse movimento ganha força porque parceiros como Sicoob Unicidade, Dra. Whayne Alecrim, Isabela Tannous, Borbole e Dr. Sidom entendem que investir na liderança feminina é acelerar a economia local.

Nosso agradecimentos ao comparecimento do representante do @wellingtoncarrijorv e @dejanemaffissoni da Facieg Mulher.

Honramos o legado deixado Dr. Eduardo Lobo (Que iniciou o projeto ACIRV Mulher) provando que #ConectarParaCrescer é metodologia prática: somamos a força masculina e feminina para gerar equidade e negócios concretos.

Aqui, ninguém cresce isolado. A gente cresce conectado."
https://www.instagram.com/p/DVHT4DQkk_Z,29,1,688,clips,https://scontent-atl3-1.cdninstagram.com/o1/v/t16/f2/m69/AQOsWbtywSVUMaJNKpFkB7UXTnhJF8jdtorQdEwA4HM6RLlbrtrWQVyrtvEq4iZXJREnGzb3mB-aQDy-gJDBUPpv.mp4?strext=1&_nc_cat=106&_nc_sid=5e9851&_nc_ht=scontent-atl3-1.cdninstagram.com&_nc_ohc=h_HTMFJjVLwQ7kNvwEltC_f&efg=eyJ2ZW5jb2RlX3RhZyI6Inhwdl9wcm9ncmVzc2l2ZS5JTlNUQUdSQU0uQ0xJUFMuQzMuNDgwLmRhc2hfYmFzZWxpbmVfMV92MSIsInhwdl9hc3NldF9pZCI6MTgzNjE1NTYxMzEyMDc4MzYsImFzc2V0X2FnZV9kYXlzIjo0NSwidmlfdXNlY2FzZV9pZCI6MTAwOTksImR1cmF0aW9uX3MiOjgsInVybGdlbl9zb3VyY2UiOiJ3d3cifQ%3D%3D&ccb=17-1&vs=7cfdafc6c11568e6&_nc_vs=HBksFQIYOnBhc3N0aHJvdWdoX2V2ZXJzdG9yZS9HTUxTQVNZQmNybGRpTmdGQURQYjNBNzlKbE53YnNwVEFRQUYVAALIARIAFQIYUWlnX3hwdl9wbGFjZW1lbnRfcGVybWFuZW50X3YyLzYxNEQzMTJEMENDRkM4MkJDNjQxRUJCNTdFMjg2MkE2X2F1ZGlvX2Rhc2hpbml0Lm1wNBUCAsgBEgAoABgAGwKIB3VzZV9vaWwBMRJwcm9ncmVzc2l2ZV9yZWNpcGUBMRUAACa46srrne-dQRUCKAJDMywXQCB3S8an754YEmRhc2hfYmFzZWxpbmVfMV92MREAdf4HZeadAQA&_nc_gid=q4-C7s8F1i4EJI7oEqh6aQ&_nc_zt=28&_nc_ss=7a32e&oh=00_Af3SF6DaB81HBCKLeWcvpbEE872s4XLrMKD5GMRDfKT1lA&oe=69DED892,https://scontent-atl3-2.cdninstagram.com/v/t51.71878-15/642368856_1231272685246787_1979231578861032089_n.jpg?stp=dst-jpg_e15_tt6&_nc_cat=102&ig_cache_key=MzgzOTEyNDYyMjAzMDI5NTAwMQ%3D%3D.3-ccb7-5&ccb=7-5&_nc_sid=58cdad&efg=eyJ2ZW5jb2RlX3RhZyI6InhwaWRzLjY0MHgxMTM4LnNkci5DMyJ9&_nc_ohc=PjwXI4WBV5UQ7kNvwHzQ48u&_nc_oc=Adr3rvmFwCvTgMSSl6w2eMzt_5LI7WeMzxwc1kkwTOcXaTNRrQtelH9kvsTvolgNa9c&_nc_ad=z-m&_nc_cid=0&_nc_zt=23&_nc_ht=scontent-atl3-2.cdninstagram.com&_nc_gid=q4-C7s8F1i4EJI7oEqh6aQ&_nc_ss=7a32e&oh=00_Af3hpXwrLom-0EdFV-Fii8hdBgCAx32pbtdC-diGHNf13w&oe=69DEBE69,https://scontent-atl3-2.cdninstagram.com/v/t51.71878-15/642368856_1231272685246787_1979231578861032089_n.jpg?stp=dst-jpg_e15_tt6&_nc_cat=102&ig_cache_key=MzgzOTEyNDYyMjAzMDI5NTAwMQ%3D%3D.3-ccb7-5&ccb=7-5&_nc_sid=58cdad&efg=eyJ2ZW5jb2RlX3RhZyI6InhwaWRzLjY0MHgxMTM4LnNkci5DMyJ9&_nc_ohc=PjwXI4WBV5UQ7kNvwHzQ48u&_nc_oc=Adr3rvmFwCvTgMSSl6w2eMzt_5LI7WeMzxwc1kkwTOcXaTNRrQtelH9kvsTvolgNa9c&_nc_ad=z-m&_nc_cid=0&_nc_zt=23&_nc_ht=scontent-atl3-2.cdninstagram.com&_nc_gid=q4-C7s8F1i4EJI7oEqh6aQ&_nc_ss=7a32e&oh=00_Af3hpXwrLom-0EdFV-Fii8hdBgCAx32pbtdC-diGHNf13w&oe=69DEBE69,2/23/2026,"A maior feira multissetorial do Centro-Oeste já tem data para acontecer.
🗓 9 a 12 de setembro de 2026
📍 Rio Verde – GO
A Sudoexpo 2026 chega ainda mais forte, conectando empresas, marcas, instituições e oportunidades que movimentam toda a economia da região.
Prepare-se para viver inovação, negócios e experiências que vão marcar o futuro do Centro-Oeste."
https://www.instagram.com/p/DVHNJVTkjcY,16,0,826,clips,https://scontent-atl3-3.cdninstagram.com/o1/v/t16/f2/m69/AQOe9ht7ho0oWUicWegnoVb27TIF0IBnIb9yXN-7s9IZNgurZUjBqAXCO2G_DSz85w0oAd8vw3Dz0xbdacV1BpXn.mp4?strext=1&_nc_cat=108&_nc_sid=5e9851&_nc_ht=scontent-atl3-3.cdninstagram.com&_nc_ohc=5HPUn7DuA6MQ7kNvwFee2oy&efg=eyJ2ZW5jb2RlX3RhZyI6Inhwdl9wcm9ncmVzc2l2ZS5JTlNUQUdSQU0uQ0xJUFMuQzMuMTI4MC5kYXNoX2Jhc2VsaW5lXzFfdjEiLCJ4cHZfYXNzZXRfaWQiOjE4MzYxNTUxNDkzMjA3ODM2LCJhc3NldF9hZ2VfZGF5cyI6NDUsInZpX3VzZWNhc2VfaWQiOjEwMDk5LCJkdXJhdGlvbl9zIjo3OSwidXJsZ2VuX3NvdXJjZSI6Ind3dyJ9&ccb=17-1&vs=5e68a9136949dc9d&_nc_vs=HBksFQIYOnBhc3N0aHJvdWdoX2V2ZXJzdG9yZS9HT3pfTmlZdGpyLVRMOEFDQUltaWFfWTNzU2NmYnNwVEFRQUYVAALIARIAFQIYUWlnX3hwdl9wbGFjZW1lbnRfcGVybWFuZW50X3YyL0I4NDEzN0VFRDdFNzA2NTFDQThCMkI2QTlGNkE0RUE1X2F1ZGlvX2Rhc2hpbml0Lm1wNBUCAsgBEgAoABgAGwKIB3VzZV9vaWwBMRJwcm9ncmVzc2l2ZV9yZWNpcGUBMRUAACa43Lik--6dQRUCKAJDMywXQFP6bpeNT98YEmRhc2hfYmFzZWxpbmVfMV92MREAdf4HZeadAQA&_nc_gid=q4-C7s8F1i4EJI7oEqh6aQ&_nc_zt=28&_nc_ss=7a32e&oh=00_Af1Wy_peOwT5DHwJAWGyNT-Do313toVw2nNecDEgmnybUw&oe=69DEDA08,https://scontent-atl3-3.cdninstagram.com/v/t51.82787-15/640296036_18361552339207836_2197163425105633088_n.jpg?stp=dst-jpg_e15_tt6&_nc_cat=109&ig_cache_key=MzgzOTA5NTAyMzMxMzQ5OTkyODE4MzYxNTUyMzMzMjA3ODM2.3-ccb7-5&ccb=7-5&_nc_sid=58cdad&efg=eyJ2ZW5jb2RlX3RhZyI6InhwaWRzLjU0MHg5NjAuc2RyLkMzIn0%3D&_nc_ohc=HI2-JquJz3kQ7kNvwGZqUNy&_nc_oc=AdqkJcG8BAUtqBNptucQBcVgJlXTtiqe30JzWCruZbO6ON6wlk7xyyXY3CWjKxOPUV4&_nc_ad=z-m&_nc_cid=0&_nc_zt=23&_nc_ht=scontent-atl3-3.cdninstagram.com&_nc_gid=q4-C7s8F1i4EJI7oEqh6aQ&_nc_ss=7a32e&oh=00_Af0e8W9Yv7v-Wqvq_2pttuDwlTVZ_VTDQe2kGK2WIIkmUw&oe=69DEDA8E,https://scontent-atl3-3.cdninstagram.com/v/t51.82787-15/640296036_18361552339207836_2197163425105633088_n.jpg?stp=dst-jpg_e15_tt6&_nc_cat=109&ig_cache_key=MzgzOTA5NTAyMzMxMzQ5OTkyODE4MzYxNTUyMzMzMjA3ODM2.3-ccb7-5&ccb=7-5&_nc_sid=58cdad&efg=eyJ2ZW5jb2RlX3RhZyI6InhwaWRzLjU0MHg5NjAuc2RyLkMzIn0%3D&_nc_ohc=HI2-JquJz3kQ7kNvwGZqUNy&_nc_oc=AdqkJcG8BAUtqBNptucQBcVgJlXTtiqe30JzWCruZbO6ON6wlk7xyyXY3CWjKxOPUV4&_nc_ad=z-m&_nc_cid=0&_nc_zt=23&_nc_ht=scontent-atl3-3.cdninstagram.com&_nc_gid=q4-C7s8F1i4EJI7oEqh6aQ&_nc_ss=7a32e&oh=00_Af0e8W9Yv7v-Wqvq_2pttuDwlTVZ_VTDQe2kGK2WIIkmUw&oe=69DEDA8E,2/23/2026,"Transformar influência em crescimento ativo é o foco central da campanha ""Quem Indica Fortalece"".
A #ACIRV foi a @tvsucessoband para a gravação do #MinutoACIRV com @wenyaalecrim, onde a Wenya detalha como sua influência pode gerar retorno imediato. Mais do que os prêmios físicos ou a isenção de mensalidade, a possibilidade de conquistar inserções comerciais na grade da TV posiciona o associado como protagonista do #ConectarParaCrescer. Ao trazer novos parceiros para o ecossistema da #ACIRV, você valida a força do associativismo e acessa ferramentas de visibilidade para o seu negócio, além de concorrer s prêmios.
Aqui, ninguém cresce isolado. A gente cresce conectado."
https://www.instagram.com/p/DU_fw_Gkurj,39,2,1601,clips,https://scontent-atl3-2.cdninstagram.com/o1/v/t16/f2/m69/AQPetAAWft4c6mKIc7l81aXw2SjOaJxPkOJ8scKV0h56nOIzyo3jimMUJK7M0Z1ZqBuWtb2QDoYoDIvm6VLA5ulm.mp4?strext=1&_nc_cat=100&_nc_sid=5e9851&_nc_ht=scontent-atl3-2.cdninstagram.com&_nc_ohc=Vx-Zb03TCgEQ7kNvwEXJVId&efg=eyJ2ZW5jb2RlX3RhZyI6Inhwdl9wcm9ncmVzc2l2ZS5JTlNUQUdSQU0uQ0xJUFMuQzMuNzIwLmRhc2hfYmFzZWxpbmVfMV92MSIsInhwdl9hc3NldF9pZCI6MTgzNjEyMjA1NDgyMDc4MzYsImFzc2V0X2FnZV9kYXlzIjo0OCwidmlfdXNlY2FzZV9pZCI6MTAwOTksImR1cmF0aW9uX3MiOjQsInVybGdlbl9zb3VyY2UiOiJ3d3cifQ%3D%3D&ccb=17-1&vs=2ac00e7517bd7fac&_nc_vs=HBksFQIYOnBhc3N0aHJvdWdoX2V2ZXJzdG9yZS9HSGU5RkNieUVqbVNYa0FEQU5sazFyNmVnVVpnYnNwVEFRQUYVAALIARIAFQIYUWlnX3hwdl9wbGFjZW1lbnRfcGVybWFuZW50X3YyLzlBNDE5QTA5NDVFODdDRTg2OTI0QzdGMEM1QzBCMTkyX2F1ZGlvX2Rhc2hpbml0Lm1wNBUCAsgBEgAoABgAGwKIB3VzZV9vaWwBMRJwcm9ncmVzc2l2ZV9yZWNpcGUBMRUAACa4k9nG2dudQRUCKAJDMywXQBJmZmZmZmYYEmRhc2hfYmFzZWxpbmVfMV92MREAdf4HZeadAQA&_nc_gid=q4-C7s8F1i4EJI7oEqh6aQ&_nc_ss=7a32e&_nc_zt=28&oh=00_Af2thtxkVlcMOQKm6VtWXdy1D9WLrUN8bMvnhglMEFjDsw&oe=69DECBB0,https://scontent-atl3-2.cdninstagram.com/v/t51.71878-15/639727601_1282692084061400_4967768720295549921_n.jpg?stp=dst-jpegr_e15_tt6&_nc_cat=104&ig_cache_key=MzgzNjkyNTExMzI3NTcwNjA4Mw%3D%3D.3-ccb7-5&ccb=7-5&_nc_sid=58cdad&efg=eyJ2ZW5jb2RlX3RhZyI6InhwaWRzLjY0MHgxMTM2Lmhkci5DMyJ9&_nc_ohc=PBvVtUCNzMUQ7kNvwHEoeAf&_nc_oc=AdoZD2H2RYNxTzMu5OtfpYKd9iXk1X0KSqo7bTohX_Ba8TQgxupnQFmUqsAXmd3kvUM&_nc_ad=z-m&_nc_cid=0&_nc_zt=23&se=-1&_nc_ht=scontent-atl3-2.cdninstagram.com&_nc_gid=q4-C7s8F1i4EJI7oEqh6aQ&_nc_ss=7a32e&oh=00_Af3Umx7KVmV_0uYOhE4PP8pDXt4pynldr38lYu6OOGEnbw&oe=69DEBA16,https://scontent-atl3-2.cdninstagram.com/v/t51.71878-15/639727601_1282692084061400_4967768720295549921_n.jpg?stp=dst-jpegr_e15_tt6&_nc_cat=104&ig_cache_key=MzgzNjkyNTExMzI3NTcwNjA4Mw%3D%3D.3-ccb7-5&ccb=7-5&_nc_sid=58cdad&efg=eyJ2ZW5jb2RlX3RhZyI6InhwaWRzLjY0MHgxMTM2Lmhkci5DMyJ9&_nc_ohc=PBvVtUCNzMUQ7kNvwHEoeAf&_nc_oc=AdoZD2H2RYNxTzMu5OtfpYKd9iXk1X0KSqo7bTohX_Ba8TQgxupnQFmUqsAXmd3kvUM&_nc_ad=z-m&_nc_cid=0&_nc_zt=23&se=-1&_nc_ht=scontent-atl3-2.cdninstagram.com&_nc_gid=q4-C7s8F1i4EJI7oEqh6aQ&_nc_ss=7a32e&oh=00_Af3Umx7KVmV_0uYOhE4PP8pDXt4pynldr38lYu6OOGEnbw&oe=69DEBA16,2/20/2026,"Garantir de forma antecipada presença na #SudoExpo é a manobra decisiva das empresas que buscam protagonismo e visibilidade qualificada, e a assinatura de novos contratos reafirma a confiança do mercado na maior vitrine multissetorial do Centro-Oeste brasileiro. 

A dedicação da @rakilandia_conectando_pessoas_ e da @naiara.canossa1 traduz a competência de uma equipe comercial que entende que cada estande ocupado fortalece o ecossistema local. Essa movimentação constante no mapa da feira confirma que #ConectarParaCrescer é a estratégia exata para transformar networking em faturamento e consolidar parcerias de longo prazo.

Aqui, ninguém cresce isolado. A gente cresce conectado."
https://www.instagram.com/p/DU_eHLrkcJc,31,3,0,feed,,https://scontent-atl3-1.cdninstagram.com/v/t51.82787-15/639714419_18361219432207836_6995105897503304380_n.heic?stp=dst-jpg_e35_tt6&_nc_cat=106&ig_cache_key=MzgzNjkxNzg0MjUxNjc1NTAzNg%3D%3D.3-ccb7-5&ccb=7-5&_nc_sid=58cdad&efg=eyJ2ZW5jb2RlX3RhZyI6InhwaWRzLjE0NDB4MTgwMC5zZHIuQzMifQ%3D%3D&_nc_ohc=u-dxifpbupUQ7kNvwFyubDx&_nc_oc=AdpRPtCLLhkrNd4UhqcRxaWwFPaIbKW7LURF-ZXi3Fe4O_ynzfRnOnvxJ2n-WFlQp9Y&_nc_ad=z-m&_nc_cid=0&_nc_zt=23&_nc_ht=scontent-atl3-1.cdninstagram.com&_nc_gid=q4-C7s8F1i4EJI7oEqh6aQ&_nc_ss=7a32e&oh=00_Af3f-2841BJL2IOFhuMr01F4BA3ClHUZ4JMBTh09bLuNDQ&oe=69DEC34D,https://scontent-atl3-1.cdninstagram.com/v/t51.82787-15/639714419_18361219432207836_6995105897503304380_n.heic?stp=dst-jpg_e35_tt6&_nc_cat=106&ig_cache_key=MzgzNjkxNzg0MjUxNjc1NTAzNg%3D%3D.3-ccb7-5&ccb=7-5&_nc_sid=58cdad&efg=eyJ2ZW5jb2RlX3RhZyI6InhwaWRzLjE0NDB4MTgwMC5zZHIuQzMifQ%3D%3D&_nc_ohc=u-dxifpbupUQ7kNvwFyubDx&_nc_oc=AdpRPtCLLhkrNd4UhqcRxaWwFPaIbKW7LURF-ZXi3Fe4O_ynzfRnOnvxJ2n-WFlQp9Y&_nc_ad=z-m&_nc_cid=0&_nc_zt=23&_nc_ht=scontent-atl3-1.cdninstagram.com&_nc_gid=q4-C7s8F1i4EJI7oEqh6aQ&_nc_ss=7a32e&oh=00_Af3f-2841BJL2IOFhuMr01F4BA3ClHUZ4JMBTh09bLuNDQ&oe=69DEC34D,2/20/2026,"O crescimento de um ecossistema se mede pela qualidade das trocas. Quando líderes de diversos setores ocupam o mesmo espaço com intenção de #ConectarParaCrescer o mercado local cresce. Com o objetivo de acelerar esse crescimento, o #Conecta retorna dia 26 de março, às 19h.

Validar o lema #ConectarParaCrescer exige sair da teoria e partir para a prática comercial. A primeira edição do ano transforma o auditório da #ACIRV em um meio para criar novas conexões. É o momento de converter networking em contratos lucrativos e expandir sua influência para além do seu nicho habitual.

As vagas são restritas para manter a qualificação do grupo. Garanta sua cadeira pelo link na bio.

Aqui, ninguém cresce isolado. A gente cresce conectado"
https://www.instagram.com/p/DU8vU_tAOnK,15,0,599,clips,https://scontent-atl3-3.cdninstagram.com/o1/v/t16/f2/m69/AQN8xsKCzcprHJK3nyQ1HyXqVzg4OmWWIbu-smKAC3m9ysvZYsmoN5h6sGp8cDkdl3DqYwOUukb3kVSfToU83dED.mp4?strext=1&_nc_cat=110&_nc_sid=5e9851&_nc_ht=scontent-atl3-3.cdninstagram.com&_nc_ohc=MsOJ4XBwkAYQ7kNvwG66LRB&efg=eyJ2ZW5jb2RlX3RhZyI6Inhwdl9wcm9ncmVzc2l2ZS5JTlNUQUdSQU0uQ0xJUFMuQzMuMTI4MC5kYXNoX2Jhc2VsaW5lXzFfdjEiLCJ4cHZfYXNzZXRfaWQiOjE4MzYxMDk5MTc0MjA3ODM2LCJhc3NldF9hZ2VfZGF5cyI6NDksInZpX3VzZWNhc2VfaWQiOjEwMDk5LCJkdXJhdGlvbl9zIjo0NSwidXJsZ2VuX3NvdXJjZSI6Ind3dyJ9&ccb=17-1&vs=ab70770ce0a3a03&_nc_vs=HBksFQIYOnBhc3N0aHJvdWdoX2V2ZXJzdG9yZS9HSUctLXlYMjRueXJDUlVJQUswNlJRN3FycDloYnNwVEFRQUYVAALIARIAFQIYUWlnX3hwdl9wbGFjZW1lbnRfcGVybWFuZW50X3YyLzU0NDMzRUQ2QTJEODYzODFBQkExRjgxNzhDQ0Q3NDlEX2F1ZGlvX2Rhc2hpbml0Lm1wNBUCAsgBEgAoABgAGwKIB3VzZV9vaWwBMRJwcm9ncmVzc2l2ZV9yZWNpcGUBMRUAACa4hbef0dSdQRUCKAJDMywXQEbbItDlYEIYEmRhc2hfYmFzZWxpbmVfMV92MREAdf4HZeadAQA&_nc_gid=q4-C7s8F1i4EJI7oEqh6aQ&_nc_ss=7a32e&_nc_zt=28&oh=00_Af3_ERTzRgd63MlFG03x2Vc6MEtotDSXmX9nULwt-zC9iA&oe=69DEADEE,https://scontent-atl3-2.cdninstagram.com/v/t51.82787-15/639499756_18361099204207836_2754465110353484848_n.jpg?stp=dst-jpg_e15_tt6&_nc_cat=100&ig_cache_key=MzgzNjE0OTEzMzU4OTE0NjA1OA%3D%3D.3-ccb7-5&ccb=7-5&_nc_sid=58cdad&efg=eyJ2ZW5jb2RlX3RhZyI6InhwaWRzLjIxNjB4MTIxNS5zZHIuQzMifQ%3D%3D&_nc_ohc=JvzAaUFG2_MQ7kNvwFdIm_R&_nc_oc=AdpfGwyuE5MBWqvxn_Xwtc49f9swEAiu8t_BVvLOQGjBAyqYHRA6Ydt06P0g85B3cpE&_nc_ad=z-m&_nc_cid=0&_nc_zt=23&_nc_ht=scontent-atl3-2.cdninstagram.com&_nc_gid=q4-C7s8F1i4EJI7oEqh6aQ&_nc_ss=7a32e&oh=00_Af1v8P6XOJP1WgznUnrQLUti7R6jreVQ8n8yNL8l0vNHwg&oe=69DEDAE0,https://scontent-atl3-2.cdninstagram.com/v/t51.82787-15/639499756_18361099204207836_2754465110353484848_n.jpg?stp=dst-jpg_e15_tt6&_nc_cat=100&ig_cache_key=MzgzNjE0OTEzMzU4OTE0NjA1OA%3D%3D.3-ccb7-5&ccb=7-5&_nc_sid=58cdad&efg=eyJ2ZW5jb2RlX3RhZyI6InhwaWRzLjIxNjB4MTIxNS5zZHIuQzMifQ%3D%3D&_nc_ohc=JvzAaUFG2_MQ7kNvwFdIm_R&_nc_oc=AdpfGwyuE5MBWqvxn_Xwtc49f9swEAiu8t_BVvLOQGjBAyqYHRA6Ydt06P0g85B3cpE&_nc_ad=z-m&_nc_cid=0&_nc_zt=23&_nc_ht=scontent-atl3-2.cdninstagram.com&_nc_gid=q4-C7s8F1i4EJI7oEqh6aQ&_nc_ss=7a32e&oh=00_Af1v8P6XOJP1WgznUnrQLUti7R6jreVQ8n8yNL8l0vNHwg&oe=69DEDAE0,2/19/2026,"Restam somente poucas unidades, entre em contato e reserve já o seu stand.
A melhor oportunidade do ano está aqui!"
https://www.instagram.com/p/DU8gUwkDcyS,96,10,0,carousel_container,,https://scontent-atl3-3.cdninstagram.com/v/t51.82787-15/639515536_18361083811207836_6415783314690462890_n.jpg?stp=dst-jpg_e15_tt6&_nc_cat=108&ig_cache_key=MzgzNjA4Mjg0MTU1ODI4NDkyOQ%3D%3D.3-ccb7-5&ccb=7-5&_nc_sid=58cdad&efg=eyJ2ZW5jb2RlX3RhZyI6InhwaWRzLjcyMHg5NjAuc2RyLkMzIn0%3D&_nc_ohc=QRywZY33WNgQ7kNvwFLbfO1&_nc_oc=AdobVArCR-G6WVX2wMtX2pvHvLF5ymxW-yyw58TaNWcDPqyT-yCgkz16gy8wwjcg93k&_nc_ad=z-m&_nc_cid=0&_nc_zt=23&_nc_ht=scontent-atl3-3.cdninstagram.com&_nc_gid=q4-C7s8F1i4EJI7oEqh6aQ&_nc_ss=7a32e&oh=00_Af0904-bhADUodTpuzql-T6xqU4QEMcQipaHH7rt8NziDA&oe=69DEDDCC,https://scontent-atl3-3.cdninstagram.com/v/t51.82787-15/639515536_18361083811207836_6415783314690462890_n.jpg?stp=dst-jpg_e15_tt6&_nc_cat=108&ig_cache_key=MzgzNjA4Mjg0MTU1ODI4NDkyOQ%3D%3D.3-ccb7-5&ccb=7-5&_nc_sid=58cdad&efg=eyJ2ZW5jb2RlX3RhZyI6InhwaWRzLjcyMHg5NjAuc2RyLkMzIn0%3D&_nc_ohc=QRywZY33WNgQ7kNvwFLbfO1&_nc_oc=AdobVArCR-G6WVX2wMtX2pvHvLF5ymxW-yyw58TaNWcDPqyT-yCgkz16gy8wwjcg93k&_nc_ad=z-m&_nc_cid=0&_nc_zt=23&_nc_ht=scontent-atl3-3.cdninstagram.com&_nc_gid=q4-C7s8F1i4EJI7oEqh6aQ&_nc_ss=7a32e&oh=00_Af0904-bhADUodTpuzql-T6xqU4QEMcQipaHH7rt8NziDA&oe=69DEDDCC,2/19/2026,"A autonomia do comércio local de hortifruti não é apenas uma demanda logística, é uma questão de crescimento econômico para Rio Verde. 🚜📈

Recebemos o secretário de Agricultura, @osmar_ponce_leones_ , e a equipe técnica formada pelos profissionais @samara_dhyulle, @lynoary e @camilapereiracaixetas para alinhar a apresentação do projeto do novo CEASA aos nossos empresários. A construção desse centro de abastecimento é a prova de que #ConectarParaCrescer precisa sair do papel e virar infraestrutura com o objetivo de gerar facilidade e bons negócios para o produtor de hortifruti.

A #ACIRV atua aqui como curadora de oportunidades: analisamos o projeto com lideranças como @arturpagnoncelli, @keniasleite e @eng.gustavo.lacerda, @wenyaalecrim e @rcadria para garantir que essa iniciativa fomente o negócio local, reduza custos operacionais e fortaleça o cinturão produtivo da nossa região.

Validar caminhos que transformam produção em mercado consumidor é a nossa prioridade.

Aqui, ninguém cresce isolado. A gente cresce conectado."
https://www.instagram.com/p/DU5s95OjeXb,3,2,0,feed,,https://scontent-atl3-2.cdninstagram.com/v/t51.82787-15/638267367_18360948613207836_1777279674121247160_n.heic?stp=dst-jpg_e35_tt6&_nc_cat=102&ig_cache_key=MzgzNTI5NDMyNTA2NDcyMTg4Mw%3D%3D.3-ccb7-5&ccb=7-5&_nc_sid=58cdad&efg=eyJ2ZW5jb2RlX3RhZyI6InhwaWRzLjE0NDB4MTgwMC5zZHIuQzMifQ%3D%3D&_nc_ohc=hKznX6lmKrIQ7kNvwHi7JjM&_nc_oc=AdrtqFbWXIigdz0waLeU2LWn65HKVJovM0FUyF2JTnM8gGxcxDMUdI9Su2O7EZETQ3U&_nc_ad=z-m&_nc_cid=0&_nc_zt=23&_nc_ht=scontent-atl3-2.cdninstagram.com&_nc_gid=q4-C7s8F1i4EJI7oEqh6aQ&_nc_ss=7a32e&oh=00_Af21apqtQLyUfy-04WsN1GVKuxUnvhJdkgI-QGL7A_TeQQ&oe=69DEAB99,https://scontent-atl3-2.cdninstagram.com/v/t51.82787-15/638267367_18360948613207836_1777279674121247160_n.heic?stp=dst-jpg_e35_tt6&_nc_cat=102&ig_cache_key=MzgzNTI5NDMyNTA2NDcyMTg4Mw%3D%3D.3-ccb7-5&ccb=7-5&_nc_sid=58cdad&efg=eyJ2ZW5jb2RlX3RhZyI6InhwaWRzLjE0NDB4MTgwMC5zZHIuQzMifQ%3D%3D&_nc_ohc=hKznX6lmKrIQ7kNvwHi7JjM&_nc_oc=AdrtqFbWXIigdz0waLeU2LWn65HKVJovM0FUyF2JTnM8gGxcxDMUdI9Su2O7EZETQ3U&_nc_ad=z-m&_nc_cid=0&_nc_zt=23&_nc_ht=scontent-atl3-2.cdninstagram.com&_nc_gid=q4-C7s8F1i4EJI7oEqh6aQ&_nc_ss=7a32e&oh=00_Af21apqtQLyUfy-04WsN1GVKuxUnvhJdkgI-QGL7A_TeQQ&oe=69DEAB99,2/18/2026,"A Reforma Tributária redefiniu as margens de lucro e quem não entender as novas regras agora, comprometerá o caixa amanhã. A complexidade do cenário exige análise técnica de elite, não suposições.

No dia 26 de fevereiro, às 07h30, o Café entre Amigos transforma o Auditório da ACIRV em um centro de inteligência fiscal.

A condução da Dra. Ivone Vieira Pereira que é Pós-Doutora e membro do CARF garante que o conteúdo vá muito além da teoria, entregando aplicabilidade imediata para a gestão.

O patrocínio da @seguralta reforça nosso compromisso de que #ConectarParaCrescer é método onde buscamos parceiros para garantir a contínua capacitação daqueles que estão conectados consoco.

Se inscreva pelo link na bio.

Aqui, ninguém cresce isolado. A gente cresce conectado."
https://www.instagram.com/p/DU4E_UcDfI3,3,0,675,clips,https://scontent-atl3-2.cdninstagram.com/o1/v/t16/f2/m69/AQOx3UifcMR0en5DYAJrWcXKUKDeCVXNfmGn8Fu7n8vjY4dvSFXCwCMWeXFFzKVOpeZ9yTRkn4Op7q5q8AAUey39.mp4?strext=1&_nc_cat=100&_nc_sid=5e9851&_nc_ht=scontent-atl3-2.cdninstagram.com&_nc_ohc=BVEBqsSG0KgQ7kNvwFLB_l2&efg=eyJ2ZW5jb2RlX3RhZyI6Inhwdl9wcm9ncmVzc2l2ZS5JTlNUQUdSQU0uQ0xJUFMuQzMuMTI4MC5kYXNoX2Jhc2VsaW5lXzFfdjEiLCJ4cHZfYXNzZXRfaWQiOjE4MzYwODc5NjQ2MjA3ODM2LCJhc3NldF9hZ2VfZGF5cyI6NTEsInZpX3VzZWNhc2VfaWQiOjEwMDk5LCJkdXJhdGlvbl9zIjo3MiwidXJsZ2VuX3NvdXJjZSI6Ind3dyJ9&ccb=17-1&vs=75bee8bed5dfe806&_nc_vs=HBksFQIYOnBhc3N0aHJvdWdoX2V2ZXJzdG9yZS9HSzdfOVNVbGQ2SXBoYkVDQUZDQUVVdzRlbTBYYnNwVEFRQUYVAALIARIAFQIYUWlnX3hwdl9wbGFjZW1lbnRfcGVybWFuZW50X3YyL0U3NEZGQUJCNjJEMUE5MEFBMzg2N0REMUUwNzA3QTkzX2F1ZGlvX2Rhc2hpbml0Lm1wNBUCAsgBEgAoABgAGwKIB3VzZV9vaWwBMRJwcm9ncmVzc2l2ZV9yZWNpcGUBMRUAACa4vZvR7cedQRUCKAJDMywXQFIrAgxJul4YEmRhc2hfYmFzZWxpbmVfMV92MREAdf4HZeadAQA&_nc_gid=q4-C7s8F1i4EJI7oEqh6aQ&_nc_zt=28&_nc_ss=7a32e&oh=00_Af0-KellifUmxySTTdaX6NPQJ1ril4uMn_ZLThUnxevk-Q&oe=69DEAD20,https://scontent-atl3-3.cdninstagram.com/v/t51.82787-15/639948000_18361543261207836_8559944198246330518_n.jpg?stp=dst-jpg_e15_tt6&_nc_cat=107&ig_cache_key=MzgzNDgzNzAyNjE2NDU2ODYzMTE4MzYxNTQzMjU4MjA3ODM2.3-ccb7-5&ccb=7-5&_nc_sid=58cdad&efg=eyJ2ZW5jb2RlX3RhZyI6InhwaWRzLjcyMHg0MDUuc2RyLkMzIn0%3D&_nc_ohc=GtpIkzRRJtAQ7kNvwFsa28j&_nc_oc=AdpTORfPRSHRRoyyZlXLwx4m2mzT6hYpXQE8uZpVoRyzrjkPgalBB6Y-D9HjyNbnBic&_nc_ad=z-m&_nc_cid=0&_nc_zt=23&_nc_ht=scontent-atl3-3.cdninstagram.com&_nc_gid=q4-C7s8F1i4EJI7oEqh6aQ&_nc_ss=7a32e&oh=00_Af3SijWmtk7DLmHL-jHe8Sa8Nn5ajnC2eV_E9lk52Mc-Yw&oe=69DED433,https://scontent-atl3-3.cdninstagram.com/v/t51.82787-15/639948000_18361543261207836_8559944198246330518_n.jpg?stp=dst-jpg_e15_tt6&_nc_cat=107&ig_cache_key=MzgzNDgzNzAyNjE2NDU2ODYzMTE4MzYxNTQzMjU4MjA3ODM2.3-ccb7-5&ccb=7-5&_nc_sid=58cdad&efg=eyJ2ZW5jb2RlX3RhZyI6InhwaWRzLjcyMHg0MDUuc2RyLkMzIn0%3D&_nc_ohc=GtpIkzRRJtAQ7kNvwFsa28j&_nc_oc=AdpTORfPRSHRRoyyZlXLwx4m2mzT6hYpXQE8uZpVoRyzrjkPgalBB6Y-D9HjyNbnBic&_nc_ad=z-m&_nc_cid=0&_nc_zt=23&_nc_ht=scontent-atl3-3.cdninstagram.com&_nc_gid=q4-C7s8F1i4EJI7oEqh6aQ&_nc_ss=7a32e&oh=00_Af3SijWmtk7DLmHL-jHe8Sa8Nn5ajnC2eV_E9lk52Mc-Yw&oe=69DED433,2/17/2026,"A autoridade da sua marca é percebida de forma imediata no ambiente onde você recebe parceiros e colaboradores.

O @marquim_eletromar apresenta no #MinutoACIRV o nosso auditório e a sala de treinamento como uma infraestrutura projetada para dar suporte profissional a reuniões e capacitações. Utilizar a #ACIRV é posicionar seu evento no centro do desenvolvimento econômico de Rio Verde, garantindo conforto e funcionalidade.

Aqui, ninguém cresce isolado. A gente cresce conectado."
https://www.instagram.com/p/DU1WU8MkjTX,10,0,0,feed,,https://scontent-atl3-1.cdninstagram.com/v/t51.82787-15/631366657_18360757438207836_342040628868114166_n.heic?stp=dst-jpg_e35_tt6&_nc_cat=103&ig_cache_key=MzgzNDA2ODg1MzgyNDA0MjE5OQ%3D%3D.3-ccb7-5&ccb=7-5&_nc_sid=58cdad&efg=eyJ2ZW5jb2RlX3RhZyI6InhwaWRzLjE0NDB4MTgwMC5zZHIuQzMifQ%3D%3D&_nc_ohc=4hNqoBQZKV8Q7kNvwHXOz6R&_nc_oc=Adot3y5y2PVrQdwZSGJKqKz1s5jQkeMF6Czj4PFuDDOZRDhT8l1aYvCsY1TfVPTa7bk&_nc_ad=z-m&_nc_cid=0&_nc_zt=23&_nc_ht=scontent-atl3-1.cdninstagram.com&_nc_gid=q4-C7s8F1i4EJI7oEqh6aQ&_nc_ss=7a32e&oh=00_Af0fPKrRnvQ3f8llovM85ZIp39y_ZSEbBeRHlyl5jDpLNg&oe=69DEC411,https://scontent-atl3-1.cdninstagram.com/v/t51.82787-15/631366657_18360757438207836_342040628868114166_n.heic?stp=dst-jpg_e35_tt6&_nc_cat=103&ig_cache_key=MzgzNDA2ODg1MzgyNDA0MjE5OQ%3D%3D.3-ccb7-5&ccb=7-5&_nc_sid=58cdad&efg=eyJ2ZW5jb2RlX3RhZyI6InhwaWRzLjE0NDB4MTgwMC5zZHIuQzMifQ%3D%3D&_nc_ohc=4hNqoBQZKV8Q7kNvwHXOz6R&_nc_oc=Adot3y5y2PVrQdwZSGJKqKz1s5jQkeMF6Czj4PFuDDOZRDhT8l1aYvCsY1TfVPTa7bk&_nc_ad=z-m&_nc_cid=0&_nc_zt=23&_nc_ht=scontent-atl3-1.cdninstagram.com&_nc_gid=q4-C7s8F1i4EJI7oEqh6aQ&_nc_ss=7a32e&oh=00_Af0fPKrRnvQ3f8llovM85ZIp39y_ZSEbBeRHlyl5jDpLNg&oe=69DEC411,2/16/2026,"O valor de uma ideia reside na competência técnica de tirá-la do papel e validá-la no mercado.

A oficina ""In Book: Vai lá e Faz"", organizada pela #ACIRV em parceria com o @sebraegoias, entrega o roteiro prático para quem precisa converter planejamento abstrato em execução imediata. Dominar metodologias ágeis é o requisito básico para quem busca #ConectarParaCrescer com inteligência, aplicando o pensamento digital para resolver gargalos concretos da sua operação.

No dia 26/02, às 19h, o foco será transformar intenção em métrica e gestão.

Inscreva-se pelo link na bio.

Aqui, ninguém cresce isolado. A gente cresce conectado."